,Time,X,Y
0,10/13/2023 1:35,967140.2532,1935336.543
1,10/13/2023 1:35,967140.2532,1935336.543
2,10/13/2023 1:35,967140.3232,1935337.719
3,10/13/2023 1:35,967140.7252,1935338.119
4,10/13/2023 1:35,967140.7252,1935338.119
5,10/13/2023 1:35,967140.7252,1935338.119
6,10/13/2023 1:35,967140.7252,1935338.119
7,10/13/2023 1:35,967140.7878,1935338.205
8,10/13/2023 1:35,967140.7878,1935338.205
9,10/13/2023 1:35,967140.7878,1935338.205
10,10/13/2023 1:35,967140.7878,1935338.205
11,10/13/2023 1:35,967140.7878,1935338.205
12,10/13/2023 1:35,967141.1937,1935338.719
13,10/13/2023 1:35,967141.1937,1935338.719
14,10/13/2023 1:35,967140.3175,1935338.618
15,10/13/2023 1:35,967140.3175,1935338.618
16,10/13/2023 1:35,967139.9362,1935338.42
17,10/13/2023 1:35,967141.1115,1935338.428
18,10/13/2023 1:35,967141.1115,1935338.428
19,10/13/2023 1:35,967141.1115,1935338.428
20,10/13/2023 1:35,967141.1115,1935338.428
21,10/13/2023 1:35,967141.1115,1935338.428
22,10/13/2023 1:35,967140.9486,1935338.193
23,10/13/2023 1:35,967140.3999,1935340.039
24,10/13/2023 1:35,967140.3999,1935340.039
25,10/13/2023 1:35,967140.3999,1935340.039
26,10/13/2023 1:35,967139.9504,1935338.806
27,10/13/2023 1:35,967139.9504,1935338.806
28,10/13/2023 1:35,967139.9504,1935338.806
29,10/13/2023 1:35,967139.9504,1935338.806
30,10/13/2023 1:35,967139.9504,1935338.806
31,10/13/2023 1:35,967140.6468,1935337.77
32,10/13/2023 1:35,967140.6468,1935337.77
33,10/13/2023 1:35,967140.7995,1935338.629
34,10/13/2023 1:35,967140.7995,1935338.629
35,10/13/2023 1:35,967140.9839,1935338.013
36,10/13/2023 1:35,967140.354,1935338.295
37,10/13/2023 1:35,967140.354,1935338.295
38,10/13/2023 1:35,967140.354,1935338.295
39,10/13/2023 1:35,967141.3719,1935338.28
40,10/13/2023 1:35,967141.3719,1935338.28
41,10/13/2023 1:35,967140.3513,1935338.602
42,10/13/2023 1:35,967141.1443,1935337.708
43,10/13/2023 1:35,967141.1443,1935337.708
44,10/13/2023 1:35,967140.8599,1935337.844
45,10/13/2023 1:35,967140.8599,1935337.844
46,10/13/2023 1:35,967140.8599,1935337.844
47,10/13/2023 1:35,967140.0121,1935338.649
48,10/13/2023 1:35,967140.0121,1935338.649
49,10/13/2023 1:35,967140.0121,1935338.649
50,10/13/2023 1:35,967140.4342,1935338.292
51,10/13/2023 1:35,967140.4342,1935338.292
52,10/13/2023 1:35,967140.8269,1935337.063
53,10/13/2023 1:35,967140.8269,1935337.063
54,10/13/2023 1:35,967140.7861,1935338.17
55,10/13/2023 1:35,967140.3428,1935338.4
56,10/13/2023 1:35,967140.3428,1935338.4
57,10/13/2023 1:35,967140.3428,1935338.4
58,10/13/2023 1:35,967141.286,1935338.231
59,10/13/2023 1:35,967141.286,1935338.231
60,10/13/2023 1:35,967141.286,1935338.231
61,10/13/2023 1:35,967141.286,1935338.231
62,10/13/2023 1:35,967141.0789,1935338.647
63,10/13/2023 1:35,967140.2751,1935337.793
64,10/13/2023 1:35,967140.2751,1935337.793
65,10/13/2023 1:35,967140.9863,1935338.324
66,10/13/2023 1:35,967140.9863,1935338.324
67,10/13/2023 1:35,967140.9863,1935338.324
68,10/13/2023 1:35,967140.5324,1935338.014
69,10/13/2023 1:35,967140.5324,1935338.014
70,10/13/2023 1:35,967140.5324,1935338.014
71,10/13/2023 1:35,967140.9829,1935337.943
72,10/13/2023 1:35,967140.9829,1935337.943
73,10/13/2023 1:35,967140.7654,1935338.234
74,10/13/2023 1:35,967140.7654,1935338.234
75,10/13/2023 1:35,967141.3463,1935338.03
76,10/13/2023 1:35,967141.3463,1935338.03
77,10/13/2023 1:35,967139.9726,1935338.653
78,10/13/2023 1:35,967140.8025,1935337.801
79,10/13/2023 1:35,967140.8025,1935337.801
80,10/13/2023 1:35,967140.8025,1935337.801
81,10/13/2023 1:35,967141.1042,1935338.847
82,10/13/2023 1:35,967141.1042,1935338.847
83,10/13/2023 1:35,967139.7457,1935338.303
84,10/13/2023 1:35,967140.4229,1935339.364
85,10/13/2023 1:35,967140.4229,1935339.364
86,10/13/2023 1:35,967140.1195,1935338.611
87,10/13/2023 1:35,967140.1195,1935338.611
88,10/13/2023 1:35,967140.9127,1935338.745
89,10/13/2023 1:35,967142.0229,1935338.618
90,10/13/2023 1:35,967142.0229,1935338.618
91,10/13/2023 1:35,967142.0229,1935338.618
92,10/13/2023 1:35,967141.4116,1935338.577
93,10/13/2023 1:35,967141.4116,1935338.577
94,10/13/2023 1:35,967141.7427,1935339.433
95,10/13/2023 1:35,967140.5414,1935337.536
96,10/13/2023 1:35,967140.5414,1935337.536
97,10/13/2023 1:35,967140.6339,1935339.119
98,10/13/2023 1:35,967140.6339,1935339.119
99,10/13/2023 1:35,967140.6339,1935339.119
100,10/13/2023 1:35,967140.6339,1935339.119
101,10/13/2023 1:35,967140.6339,1935339.119
102,10/13/2023 1:35,967139.7376,1935336.755
103,10/13/2023 1:35,967139.7376,1935336.755
104,10/13/2023 1:35,967139.7376,1935336.755
105,10/13/2023 1:35,967140.8558,1935338.344
106,10/13/2023 1:35,967140.8558,1935338.344
107,10/13/2023 1:35,967140.2081,1935338.572
108,10/13/2023 1:35,967140.2081,1935338.572
109,10/13/2023 1:35,967140.2081,1935338.572
110,10/13/2023 1:35,967141.3079,1935338.045
111,10/13/2023 1:35,967141.3079,1935338.045
112,10/13/2023 1:35,967141.3079,1935338.045
113,10/13/2023 1:35,967140.8179,1935338.788
114,10/13/2023 1:35,967140.8179,1935338.788
115,10/13/2023 1:35,967140.4386,1935338.82
116,10/13/2023 1:35,967140.4386,1935338.82
117,10/13/2023 1:35,967140.7147,1935339.401
118,10/13/2023 1:35,967140.7147,1935339.401
119,10/13/2023 1:35,967140.4764,1935338.665
120,10/13/2023 1:35,967140.9673,1935338.301
121,10/13/2023 1:35,967140.9673,1935338.301
122,10/13/2023 1:35,967140.9673,1935338.301
123,10/13/2023 1:35,967140.573,1935338.931
124,10/13/2023 1:35,967141.6601,1935337.813
125,10/13/2023 1:35,967141.6601,1935337.813
126,10/13/2023 1:35,967141.4169,1935338.88
127,10/13/2023 1:35,967141.4169,1935338.88
128,10/13/2023 1:35,967141.4169,1935338.88
129,10/13/2023 1:35,967140.8749,1935338.505
130,10/13/2023 1:35,967140.8749,1935338.505
131,10/13/2023 1:35,967140.8749,1935338.505
132,10/13/2023 1:35,967141.2584,1935338.515
133,10/13/2023 1:35,967141.2584,1935338.515
134,10/13/2023 1:35,967141.1653,1935338.79
135,10/13/2023 1:35,967141.1653,1935338.79
136,10/13/2023 1:35,967140.6922,1935338.445
137,10/13/2023 1:35,967140.6922,1935338.445
138,10/13/2023 1:35,967141.013,1935337.691
139,10/13/2023 1:35,967140.3892,1935338.673
140,10/13/2023 1:35,967140.3892,1935338.673
141,10/13/2023 1:35,967140.3892,1935338.673
142,10/13/2023 1:35,967140.0446,1935338.453
143,10/13/2023 1:35,967140.8905,1935338.186
144,10/13/2023 1:35,967140.8905,1935338.186
145,10/13/2023 1:35,967141.2466,1935338.378
146,10/13/2023 1:35,967141.2466,1935338.378
147,10/13/2023 1:35,967140.4443,1935338.409
148,10/13/2023 1:35,967140.4626,1935338.933
149,10/13/2023 1:35,967140.4626,1935338.933
150,10/13/2023 1:35,967140.4626,1935338.933
151,10/13/2023 1:35,967141.2488,1935338.833
152,10/13/2023 1:35,967141.1294,1935338.735
153,10/13/2023 1:35,967141.1294,1935338.735
154,10/13/2023 1:35,967140.8905,1935338.382
155,10/13/2023 1:35,967140.8905,1935338.382
156,10/13/2023 1:35,967141.4083,1935338.769
157,10/13/2023 1:35,967141.4083,1935338.769
158,10/13/2023 1:35,967140.825,1935338.795
159,10/13/2023 1:35,967141.0495,1935338.962
160,10/13/2023 1:35,967141.0495,1935338.962
161,10/13/2023 1:35,967141.0495,1935338.962
162,10/13/2023 1:35,967141.2006,1935338.703
163,10/13/2023 1:35,967141.2006,1935338.703
164,10/13/2023 1:35,967141.0409,1935339.175
165,10/13/2023 1:35,967141.2506,1935338.458
166,10/13/2023 1:35,967141.2506,1935338.458
167,10/13/2023 1:35,967141.2506,1935338.458
168,10/13/2023 1:35,967141.6179,1935339.002
169,10/13/2023 1:35,967141.6179,1935339.002
170,10/13/2023 1:35,967141.6179,1935339.002
171,10/13/2023 1:35,967141.6179,1935339.002
172,10/13/2023 1:35,967141.6179,1935339.002
173,10/13/2023 1:35,967141.8756,1935339.231
174,10/13/2023 1:35,967140.551,1935338.816
175,10/13/2023 1:35,967140.551,1935338.816
176,10/13/2023 1:35,967140.551,1935338.816
177,10/13/2023 1:35,967141.8475,1935339.321
178,10/13/2023 1:35,967140.9347,1935337.971
179,10/13/2023 1:35,967140.9347,1935337.971
180,10/13/2023 1:35,967140.9347,1935337.971
181,10/13/2023 1:35,967140.9347,1935337.971
182,10/13/2023 1:35,967141.2178,1935338.61
183,10/13/2023 1:35,967141.2178,1935338.61
184,10/13/2023 1:35,967140.6249,1935339.851
185,10/13/2023 1:35,967140.6249,1935339.851
186,10/13/2023 1:35,967140.7424,1935337.297
187,10/13/2023 1:35,967140.9148,1935338.714
188,10/13/2023 1:35,967140.9148,1935338.714
189,10/13/2023 1:35,967140.9148,1935338.714
190,10/13/2023 1:35,967140.6732,1935338.711
191,10/13/2023 1:35,967140.6732,1935338.711
192,10/13/2023 1:35,967140.6732,1935338.711
193,10/13/2023 1:35,967140.7106,1935338.909
194,10/13/2023 1:35,967140.7106,1935338.909
195,10/13/2023 1:35,967141.5662,1935338.532
196,10/13/2023 1:35,967141.5662,1935338.532
197,10/13/2023 1:35,967141.5662,1935338.532
198,10/13/2023 1:35,967140.9612,1935338.49
199,10/13/2023 1:35,967141.7625,1935338.288
200,10/13/2023 1:35,967141.7625,1935338.288
201,10/13/2023 1:35,967141.7625,1935338.288
202,10/13/2023 1:35,967141.7625,1935338.288
203,10/13/2023 1:35,967141.792,1935338.833
204,10/13/2023 1:35,967141.792,1935338.833
205,10/13/2023 1:35,967141.3731,1935339.038
206,10/13/2023 1:35,967141.3731,1935339.038
207,10/13/2023 1:35,967141.9762,1935337.962
208,10/13/2023 1:35,967140.8135,1935339.227
209,10/13/2023 1:35,967140.8135,1935339.227
210,10/13/2023 1:35,967140.8135,1935339.227
211,10/13/2023 1:35,967140.8135,1935339.227
212,10/13/2023 1:35,967140.7975,1935338.814
213,10/13/2023 1:35,967140.7975,1935338.814
214,10/13/2023 1:35,967140.7211,1935338.868
215,10/13/2023 1:35,967140.7211,1935338.868
216,10/13/2023 1:35,967141.3369,1935338.065
217,10/13/2023 1:35,967141.082,1935339.898
218,10/13/2023 1:35,967141.082,1935339.898
219,10/13/2023 1:35,967141.082,1935339.898
220,10/13/2023 1:35,967141.082,1935339.898
221,10/13/2023 1:35,967141.579,1935339.126
222,10/13/2023 1:35,967141.579,1935339.126
223,10/13/2023 1:35,967141.7173,1935339.054
224,10/13/2023 1:35,967141.7173,1935339.054
225,10/13/2023 1:35,967141.7173,1935339.054
226,10/13/2023 1:35,967141.6955,1935338.799
227,10/13/2023 1:35,967141.6955,1935338.799
228,10/13/2023 1:35,967141.6955,1935338.799
229,10/13/2023 1:35,967141.6955,1935338.799
230,10/13/2023 1:35,967141.6955,1935338.799
231,10/13/2023 1:35,967142.0298,1935339.098
232,10/13/2023 1:35,967141.6347,1935339.548
233,10/13/2023 1:35,967141.6347,1935339.548
234,10/13/2023 1:35,967141.6347,1935339.548
235,10/13/2023 1:35,967141.6286,1935338.505
236,10/13/2023 1:35,967141.6286,1935338.505
237,10/13/2023 1:35,967141.6286,1935338.505
238,10/13/2023 1:35,967141.6286,1935338.505
239,10/13/2023 1:35,967141.6286,1935338.505
240,10/13/2023 1:35,967141.2283,1935339.183
241,10/13/2023 1:35,967141.7774,1935339.542
242,10/13/2023 1:35,967141.7774,1935339.542
243,10/13/2023 1:35,967141.7774,1935339.542
244,10/13/2023 1:35,967141.5002,1935338.343
245,10/13/2023 1:35,967141.5002,1935338.343
246,10/13/2023 1:35,967141.5002,1935338.343
247,10/13/2023 1:35,967141.5002,1935338.343
248,10/13/2023 1:35,967141.5002,1935338.343
249,10/13/2023 1:35,967140.7463,1935338.961
250,10/13/2023 1:35,967140.7701,1935339.385
251,10/13/2023 1:35,967140.7701,1935339.385
252,10/13/2023 1:35,967140.7701,1935339.385
253,10/13/2023 1:35,967141.3982,1935338.978
254,10/13/2023 1:35,967141.3982,1935338.978
255,10/13/2023 1:35,967141.3982,1935338.978
256,10/13/2023 1:35,967141.3982,1935338.978
257,10/13/2023 1:35,967141.4056,1935339.271
258,10/13/2023 1:35,967141.4056,1935339.271
259,10/13/2023 1:35,967141.0964,1935338.713
260,10/13/2023 1:35,967141.0964,1935338.713
261,10/13/2023 1:35,967141.0964,1935338.713
262,10/13/2023 1:35,967141.2922,1935338.582
263,10/13/2023 1:35,967141.2922,1935338.582
264,10/13/2023 1:35,967141.2922,1935338.582
265,10/13/2023 1:35,967141.2922,1935338.582
266,10/13/2023 1:35,967141.2922,1935338.582
267,10/13/2023 1:35,967142.1669,1935339.764
268,10/13/2023 1:35,967141.4528,1935340.544
269,10/13/2023 1:35,967141.4528,1935340.544
270,10/13/2023 1:35,967141.4528,1935340.544
271,10/13/2023 1:35,967142.3571,1935338.455
272,10/13/2023 1:35,967142.3571,1935338.455
273,10/13/2023 1:35,967142.3571,1935338.455
274,10/13/2023 1:35,967142.3571,1935338.455
275,10/13/2023 1:35,967142.3571,1935338.455
276,10/13/2023 1:35,967141.5003,1935339.352
277,10/13/2023 1:35,967141.5975,1935339.719
278,10/13/2023 1:35,967141.5975,1935339.719
279,10/13/2023 1:35,967142.3494,1935339.067
280,10/13/2023 1:35,967142.3494,1935339.067
281,10/13/2023 1:35,967142.8875,1935338.891
282,10/13/2023 1:35,967141.8542,1935339.39
283,10/13/2023 1:35,967141.8542,1935339.39
284,10/13/2023 1:35,967141.8542,1935339.39
285,10/13/2023 1:35,967142.7211,1935339.2
286,10/13/2023 1:35,967142.2281,1935339.858
287,10/13/2023 1:35,967142.2281,1935339.858
288,10/13/2023 1:35,967142.2337,1935339.255
289,10/13/2023 1:35,967142.2337,1935339.255
290,10/13/2023 1:35,967142.2337,1935339.255
291,10/13/2023 1:35,967142.2337,1935339.255
292,10/13/2023 1:35,967142.3087,1935339.544
293,10/13/2023 1:35,967143.0238,1935339.942
294,10/13/2023 1:35,967143.0238,1935339.942
295,10/13/2023 1:35,967143.0238,1935339.942
296,10/13/2023 1:35,967143.0238,1935339.942
297,10/13/2023 1:35,967142.9815,1935339.733
298,10/13/2023 1:35,967142.9815,1935339.733
299,10/13/2023 1:35,967141.6779,1935339.09
300,10/13/2023 1:35,967143.2225,1935339.773
301,10/13/2023 1:35,967143.2225,1935339.773
302,10/13/2023 1:35,967143.2225,1935339.773
303,10/13/2023 1:35,967143.0742,1935339.04
304,10/13/2023 1:35,967143.0742,1935339.04
305,10/13/2023 1:35,967143.0742,1935339.04
306,10/13/2023 1:35,967142.6929,1935340.088
307,10/13/2023 1:35,967142.6929,1935340.088
308,10/13/2023 1:35,967143.1601,1935339.17
309,10/13/2023 1:35,967142.8233,1935339.403
310,10/13/2023 1:35,967142.8233,1935339.403
311,10/13/2023 1:35,967142.8233,1935339.403
312,10/13/2023 1:35,967142.1928,1935339.556
313,10/13/2023 1:35,967142.1928,1935339.556
314,10/13/2023 1:35,967142.1928,1935339.556
315,10/13/2023 1:35,967142.6821,1935339.444
316,10/13/2023 1:35,967142.6821,1935339.444
317,10/13/2023 1:35,967143.1761,1935339.41
318,10/13/2023 1:35,967142.5738,1935338.759
319,10/13/2023 1:35,967142.5738,1935338.759
320,10/13/2023 1:35,967142.394,1935339.822
321,10/13/2023 1:35,967143.2858,1935339.178
322,10/13/2023 1:35,967143.2858,1935339.178
323,10/13/2023 1:35,967143.2858,1935339.178
324,10/13/2023 1:35,967143.2858,1935339.178
325,10/13/2023 1:35,967143.2858,1935339.178
326,10/13/2023 1:35,967143.9809,1935340.193
327,10/13/2023 1:35,967142.6913,1935340.046
328,10/13/2023 1:35,967142.6913,1935340.046
329,10/13/2023 1:35,967143.364,1935340.045
330,10/13/2023 1:35,967143.721,1935339.949
331,10/13/2023 1:35,967143.721,1935339.949
332,10/13/2023 1:35,967143.721,1935339.949
333,10/13/2023 1:35,967143.721,1935339.949
334,10/13/2023 1:35,967143.3786,1935339.272
335,10/13/2023 1:35,967143.3786,1935339.272
336,10/13/2023 1:35,967144.2326,1935340.604
337,10/13/2023 1:35,967142.8175,1935339.988
338,10/13/2023 1:35,967142.8175,1935339.988
339,10/13/2023 1:35,967142.6765,1935339.766
340,10/13/2023 1:35,967143.0147,1935339.468
341,10/13/2023 1:35,967143.0147,1935339.468
342,10/13/2023 1:35,967143.0147,1935339.468
343,10/13/2023 1:35,967143.1409,1935339.907
344,10/13/2023 1:35,967143.4993,1935338.757
345,10/13/2023 1:35,967143.4993,1935338.757
346,10/13/2023 1:35,967143.132,1935338.94
347,10/13/2023 1:35,967143.132,1935338.94
348,10/13/2023 1:35,967143.3052,1935339.766
349,10/13/2023 1:35,967142.9831,1935338.539
350,10/13/2023 1:35,967142.9831,1935338.539
351,10/13/2023 1:35,967142.9831,1935338.539
352,10/13/2023 1:35,967142.9831,1935338.539
353,10/13/2023 1:35,967143.5511,1935340.075
354,10/13/2023 1:35,967143.5511,1935340.075
355,10/13/2023 1:35,967145.1348,1935339.605
356,10/13/2023 1:35,967145.1348,1935339.605
357,10/13/2023 1:35,967144.495,1935340.075
358,10/13/2023 1:35,967144.495,1935340.075
359,10/13/2023 1:35,967144.495,1935340.075
360,10/13/2023 1:35,967144.495,1935340.075
361,10/13/2023 1:35,967144.495,1935340.075
362,10/13/2023 1:35,967143.8133,1935338.404
363,10/13/2023 1:35,967144.1055,1935339.519
364,10/13/2023 1:35,967144.1055,1935339.519
365,10/13/2023 1:35,967143.6769,1935339.624
366,10/13/2023 1:35,967143.6709,1935339.742
367,10/13/2023 1:35,967143.6709,1935339.742
368,10/13/2023 1:35,967143.6709,1935339.742
369,10/13/2023 1:35,967144.4325,1935339.575
370,10/13/2023 1:35,967144.708,1935340.446
371,10/13/2023 1:35,967144.708,1935340.446
372,10/13/2023 1:35,967145.557,1935339.768
373,10/13/2023 1:35,967143.9705,1935339.059
374,10/13/2023 1:35,967143.9705,1935339.059
375,10/13/2023 1:35,967143.9705,1935339.059
376,10/13/2023 1:35,967143.9705,1935339.059
377,10/13/2023 1:35,967143.9705,1935339.059
378,10/13/2023 1:35,967143.9705,1935339.059
379,10/13/2023 1:35,967143.3667,1935339.323
380,10/13/2023 1:35,967144.3644,1935338.385
381,10/13/2023 1:35,967144.3644,1935338.385
382,10/13/2023 1:35,967144.3644,1935338.385
383,10/13/2023 1:35,967144.3644,1935338.385
384,10/13/2023 1:35,967143.5893,1935338.59
385,10/13/2023 1:35,967143.5893,1935338.59
386,10/13/2023 1:35,967144.6266,1935339.47
387,10/13/2023 1:35,967144.6266,1935339.47
388,10/13/2023 1:35,967144.6266,1935339.47
389,10/13/2023 1:35,967144.6266,1935339.47
390,10/13/2023 1:35,967144.6266,1935339.47
391,10/13/2023 1:35,967144.3726,1935339.411
392,10/13/2023 1:35,967144.3942,1935338.496
393,10/13/2023 1:35,967144.3942,1935338.496
394,10/13/2023 1:35,967144.3942,1935338.496
395,10/13/2023 1:35,967145.1755,1935339.821
396,10/13/2023 1:35,967145.1755,1935339.821
397,10/13/2023 1:35,967145.1755,1935339.821
398,10/13/2023 1:35,967145.1755,1935339.821
399,10/13/2023 1:35,967144.0763,1935339.146
400,10/13/2023 1:35,967144.0763,1935339.146
401,10/13/2023 1:35,967144.2731,1935339.506
402,10/13/2023 1:35,967144.2731,1935339.506
403,10/13/2023 1:35,967143.6984,1935338.94
404,10/13/2023 1:35,967145.0634,1935339.116
405,10/13/2023 1:35,967145.0634,1935339.116
406,10/13/2023 1:35,967145.0634,1935339.116
407,10/13/2023 1:35,967145.0634,1935339.116
408,10/13/2023 1:35,967145.0634,1935339.116
409,10/13/2023 1:35,967144.7623,1935338.895
410,10/13/2023 1:35,967145.6966,1935339.747
411,10/13/2023 1:35,967145.6966,1935339.747
412,10/13/2023 1:35,967145.3753,1935339.472
413,10/13/2023 1:35,967144.6801,1935339.881
414,10/13/2023 1:35,967144.6801,1935339.881
415,10/13/2023 1:35,967144.8573,1935339.442
416,10/13/2023 1:35,967144.8573,1935339.442
417,10/13/2023 1:35,967144.8573,1935339.442
418,10/13/2023 1:35,967144.2319,1935339.318
419,10/13/2023 1:35,967144.2319,1935339.318
420,10/13/2023 1:35,967145.1482,1935339.76
421,10/13/2023 1:35,967145.1482,1935339.76
422,10/13/2023 1:35,967144.5788,1935340.007
423,10/13/2023 1:35,967144.9227,1935339.117
424,10/13/2023 1:35,967144.9227,1935339.117
425,10/13/2023 1:35,967145.1525,1935339.063
426,10/13/2023 1:35,967145.1525,1935339.063
427,10/13/2023 1:35,967145.3749,1935339.869
428,10/13/2023 1:35,967144.4493,1935339.603
429,10/13/2023 1:35,967144.4493,1935339.603
430,10/13/2023 1:35,967144.7622,1935338.825
431,10/13/2023 1:35,967144.7622,1935338.825
432,10/13/2023 1:35,967145.1902,1935339
433,10/13/2023 1:35,967145.2412,1935339.412
434,10/13/2023 1:35,967145.2412,1935339.412
435,10/13/2023 1:35,967145.2412,1935339.412
436,10/13/2023 1:35,967145.4344,1935339.528
437,10/13/2023 1:35,967145.432,1935339.405
438,10/13/2023 1:35,967145.2761,1935338.678
439,10/13/2023 1:35,967145.2761,1935338.678
440,10/13/2023 1:35,967145.2761,1935338.678
441,10/13/2023 1:35,967145.7505,1935338.065
442,10/13/2023 1:35,967145.7505,1935338.065
443,10/13/2023 1:35,967145.7505,1935338.065
444,10/13/2023 1:35,967145.9788,1935339.189
445,10/13/2023 1:35,967145.9788,1935339.189
446,10/13/2023 1:35,967145.9788,1935339.189
447,10/13/2023 1:35,967146.4729,1935339.598
448,10/13/2023 1:35,967146.4729,1935339.598
449,10/13/2023 1:35,967145.1731,1935338.898
450,10/13/2023 1:35,967146.1937,1935339.627
451,10/13/2023 1:35,967146.1937,1935339.627
452,10/13/2023 1:35,967146.1937,1935339.627
453,10/13/2023 1:35,967146.1937,1935339.627
454,10/13/2023 1:35,967146.2864,1935339.768
455,10/13/2023 1:35,967146.2864,1935339.768
456,10/13/2023 1:35,967145.8956,1935339.663
457,10/13/2023 1:35,967146.0843,1935338.617
458,10/13/2023 1:35,967146.0843,1935338.617
459,10/13/2023 1:35,967146.0843,1935338.617
460,10/13/2023 1:35,967146.0843,1935338.617
461,10/13/2023 1:35,967146.0843,1935338.617
462,10/13/2023 1:35,967146.0843,1935338.617
463,10/13/2023 1:35,967146.214,1935339.203
464,10/13/2023 1:35,967145.9972,1935338.697
465,10/13/2023 1:35,967145.9972,1935338.697
466,10/13/2023 1:35,967145.9972,1935338.697
467,10/13/2023 1:35,967145.9972,1935338.697
468,10/13/2023 1:35,967145.5518,1935338.528
469,10/13/2023 1:35,967145.5518,1935338.528
470,10/13/2023 1:35,967146.7057,1935338.912
471,10/13/2023 1:35,967146.9245,1935338.975
472,10/13/2023 1:35,967146.9245,1935338.975
473,10/13/2023 1:35,967146.9245,1935338.975
474,10/13/2023 1:35,967146.9245,1935338.975
475,10/13/2023 1:35,967146.1962,1935339.262
476,10/13/2023 1:35,967146.1962,1935339.262
477,10/13/2023 1:35,967147.1469,1935338.054
478,10/13/2023 1:35,967147.1469,1935338.054
479,10/13/2023 1:35,967145.8961,1935337.707
480,10/13/2023 1:35,967145.8961,1935337.707
481,10/13/2023 1:35,967145.8961,1935337.707
482,10/13/2023 1:35,967145.8961,1935337.707
483,10/13/2023 1:35,967145.8961,1935337.707
484,10/13/2023 1:35,967146.4488,1935338.9
485,10/13/2023 1:35,967145.6808,1935339.332
486,10/13/2023 1:35,967145.6808,1935339.332
487,10/13/2023 1:35,967145.6808,1935339.332
488,10/13/2023 1:35,967145.9555,1935338.92
489,10/13/2023 1:35,967145.9555,1935338.92
490,10/13/2023 1:35,967145.9555,1935338.92
491,10/13/2023 1:35,967145.9555,1935338.92
492,10/13/2023 1:35,967145.9555,1935338.92
493,10/13/2023 1:35,967146.7777,1935339.066
494,10/13/2023 1:35,967146.4976,1935338.746
495,10/13/2023 1:35,967146.4976,1935338.746
496,10/13/2023 1:35,967147.7025,1935338.942
497,10/13/2023 1:35,967145.6961,1935338.493
498,10/13/2023 1:35,967145.6961,1935338.493
499,10/13/2023 1:35,967145.6961,1935338.493
500,10/13/2023 1:35,967145.6961,1935338.493
501,10/13/2023 1:35,967146.5815,1935339.02
502,10/13/2023 1:35,967146.5815,1935339.02
503,10/13/2023 1:35,967146.6222,1935339.085
504,10/13/2023 1:35,967146.6222,1935339.085
505,10/13/2023 1:35,967146.3768,1935338.868
506,10/13/2023 1:35,967146.3768,1935338.868
507,10/13/2023 1:35,967146.3768,1935338.868
508,10/13/2023 1:35,967147.2,1935339.059
509,10/13/2023 1:35,967147.2,1935339.059
510,10/13/2023 1:35,967147.4992,1935338.128
511,10/13/2023 1:35,967147.5988,1935338.359
512,10/13/2023 1:35,967147.8192,1935337.791
513,10/13/2023 1:35,967147.8192,1935337.791
514,10/13/2023 1:35,967147.8192,1935337.791
515,10/13/2023 1:35,967147.6461,1935338.862
516,10/13/2023 1:35,967147.6461,1935338.862
517,10/13/2023 1:35,967147.6461,1935338.862
518,10/13/2023 1:35,967147.0436,1935338.3
519,10/13/2023 1:35,967147.0436,1935338.3
520,10/13/2023 1:35,967147.1006,1935338.814
521,10/13/2023 1:35,967147.2178,1935338.617
522,10/13/2023 1:35,967147.2178,1935338.617
523,10/13/2023 1:35,967146.9865,1935337.877
524,10/13/2023 1:35,967147.7537,1935338.486
525,10/13/2023 1:35,967147.7537,1935338.486
526,10/13/2023 1:35,967147.7537,1935338.486
527,10/13/2023 1:35,967147.7537,1935338.486
528,10/13/2023 1:35,967148.8556,1935338.603
529,10/13/2023 1:35,967148.8556,1935338.603
530,10/13/2023 1:35,967147.6542,1935338.551
531,10/13/2023 1:35,967147.6542,1935338.551
532,10/13/2023 1:35,967147.333,1935338.376
533,10/13/2023 1:35,967147.333,1935338.376
534,10/13/2023 1:35,967147.333,1935338.376
535,10/13/2023 1:35,967147.333,1935338.376
536,10/13/2023 1:35,967147.333,1935338.376
537,10/13/2023 1:35,967148.2939,1935339.233
538,10/13/2023 1:35,967147.3479,1935338.273
539,10/13/2023 1:35,967147.3479,1935338.273
540,10/13/2023 1:35,967147.3479,1935338.273
541,10/13/2023 1:35,967148.3861,1935338.203
542,10/13/2023 1:35,967148.3861,1935338.203
543,10/13/2023 1:35,967148.3861,1935338.203
544,10/13/2023 1:35,967148.3861,1935338.203
545,10/13/2023 1:35,967147.6867,1935338.011
546,10/13/2023 1:35,967147.6867,1935338.011
547,10/13/2023 1:35,967148.0237,1935337.878
548,10/13/2023 1:35,967148.0237,1935337.878
549,10/13/2023 1:35,967148.0237,1935337.878
550,10/13/2023 1:35,967148.0237,1935337.878
551,10/13/2023 1:35,967148.9764,1935337.732
552,10/13/2023 1:35,967148.9764,1935337.732
553,10/13/2023 1:35,967148.9764,1935337.732
554,10/13/2023 1:35,967148.9764,1935337.732
555,10/13/2023 1:35,967147.3947,1935338.822
556,10/13/2023 1:35,967147.3947,1935338.822
557,10/13/2023 1:35,967147.3947,1935338.822
558,10/13/2023 1:35,967148.8548,1935338.235
559,10/13/2023 1:35,967148.8548,1935338.235
560,10/13/2023 1:35,967148.8548,1935338.235
561,10/13/2023 1:35,967148.8548,1935338.235
562,10/13/2023 1:35,967148.8548,1935338.235
563,10/13/2023 1:35,967148.8195,1935337.882
564,10/13/2023 1:35,967148.0339,1935337.45
565,10/13/2023 1:35,967148.0339,1935337.45
566,10/13/2023 1:35,967147.7862,1935339.007
567,10/13/2023 1:35,967148.4152,1935338.581
568,10/13/2023 1:35,967148.4152,1935338.581
569,10/13/2023 1:35,967148.4152,1935338.581
570,10/13/2023 1:35,967148.4152,1935338.581
571,10/13/2023 1:35,967148.7002,1935339.099
572,10/13/2023 1:35,967148.7002,1935339.099
573,10/13/2023 1:35,967148.3717,1935338.251
574,10/13/2023 1:35,967148.3717,1935338.251
575,10/13/2023 1:35,967148.4242,1935338.488
576,10/13/2023 1:35,967148.4242,1935338.488
577,10/13/2023 1:35,967148.4242,1935338.488
578,10/13/2023 1:35,967148.4242,1935338.488
579,10/13/2023 1:35,967148.4242,1935338.488
580,10/13/2023 1:35,967149.6096,1935338.485
581,10/13/2023 1:35,967148.5211,1935337.807
582,10/13/2023 1:35,967148.5211,1935337.807
583,10/13/2023 1:35,967148.4251,1935337.353
584,10/13/2023 1:35,967148.6879,1935338.32
585,10/13/2023 1:35,967148.6879,1935338.32
586,10/13/2023 1:35,967148.6879,1935338.32
587,10/13/2023 1:35,967148.6879,1935338.32
588,10/13/2023 1:35,967148.6287,1935337.886
589,10/13/2023 1:35,967148.3944,1935337.608
590,10/13/2023 1:35,967148.3944,1935337.608
591,10/13/2023 1:35,967148.3944,1935337.608
592,10/13/2023 1:35,967149.2764,1935337.7
593,10/13/2023 1:35,967149.2764,1935337.7
594,10/13/2023 1:35,967149.2764,1935337.7
595,10/13/2023 1:35,967149.2764,1935337.7
596,10/13/2023 1:35,967149.2764,1935337.7
597,10/13/2023 1:35,967149.4394,1935337.499
598,10/13/2023 1:35,967149.5989,1935338.084
599,10/13/2023 1:35,967149.5989,1935338.084
600,10/13/2023 1:35,967149.9017,1935338.236
601,10/13/2023 1:35,967148.4946,1935338.278
602,10/13/2023 1:35,967148.4946,1935338.278
603,10/13/2023 1:35,967148.4946,1935338.278
604,10/13/2023 1:35,967148.4946,1935338.278
605,10/13/2023 1:35,967150.0518,1935336.748
606,10/13/2023 1:35,967148.7178,1935337.213
607,10/13/2023 1:35,967148.7178,1935337.213
608,10/13/2023 1:35,967148.7178,1935337.213
609,10/13/2023 1:35,967150.1323,1935338.457
610,10/13/2023 1:35,967150.1323,1935338.457
611,10/13/2023 1:35,967150.1323,1935338.457
612,10/13/2023 1:35,967150.1323,1935338.457
613,10/13/2023 1:35,967149.7546,1935337.757
614,10/13/2023 1:35,967148.4017,1935338.207
615,10/13/2023 1:35,967148.4017,1935338.207
616,10/13/2023 1:35,967148.4017,1935338.207
617,10/13/2023 1:35,967149.8278,1935337.401
618,10/13/2023 1:35,967149.8278,1935337.401
619,10/13/2023 1:35,967149.8278,1935337.401
620,10/13/2023 1:35,967149.8278,1935337.401
621,10/13/2023 1:35,967149.785,1935337.253
622,10/13/2023 1:35,967149.785,1935337.253
623,10/13/2023 1:35,967149.9916,1935337.541
624,10/13/2023 1:35,967149.9916,1935337.541
625,10/13/2023 1:35,967150.5607,1935337.834
626,10/13/2023 1:35,967150.2599,1935337.985
627,10/13/2023 1:35,967150.2599,1935337.985
628,10/13/2023 1:35,967150.2599,1935337.985
629,10/13/2023 1:35,967150.2599,1935337.985
630,10/13/2023 1:35,967150.2403,1935337.496
631,10/13/2023 1:35,967150.8928,1935336.681
632,10/13/2023 1:35,967150.8928,1935336.681
633,10/13/2023 1:35,967150.8928,1935336.681
634,10/13/2023 1:35,967150.8928,1935336.681
635,10/13/2023 1:35,967150.8928,1935336.681
636,10/13/2023 1:35,967149.9356,1935337.596
637,10/13/2023 1:35,967150.595,1935337.867
638,10/13/2023 1:35,967150.595,1935337.867
639,10/13/2023 1:35,967150.595,1935337.867
640,10/13/2023 1:35,967150.595,1935337.867
641,10/13/2023 1:35,967150.2178,1935337.515
642,10/13/2023 1:35,967150.2178,1935337.515
643,10/13/2023 1:35,967151.1634,1935336.459
644,10/13/2023 1:35,967151.1634,1935336.459
645,10/13/2023 1:35,967151.1634,1935336.459
646,10/13/2023 1:35,967151.1634,1935336.459
647,10/13/2023 1:35,967151.1634,1935336.459
648,10/13/2023 1:35,967150.4438,1935338.119
649,10/13/2023 1:35,967150.6395,1935337.356
650,10/13/2023 1:35,967150.6395,1935337.356
651,10/13/2023 1:35,967150.2395,1935337.033
652,10/13/2023 1:35,967151.0881,1935337.322
653,10/13/2023 1:35,967151.0881,1935337.322
654,10/13/2023 1:35,967151.0881,1935337.322
655,10/13/2023 1:35,967151.0881,1935337.322
656,10/13/2023 1:35,967150.371,1935337.002
657,10/13/2023 1:35,967150.371,1935337.002
658,10/13/2023 1:35,967151.2196,1935338.384
659,10/13/2023 1:35,967151.2196,1935338.384
660,10/13/2023 1:35,967150.4751,1935337.182
661,10/13/2023 1:35,967150.4751,1935337.182
662,10/13/2023 1:35,967150.4751,1935337.182
663,10/13/2023 1:35,967150.4751,1935337.182
664,10/13/2023 1:35,967150.4273,1935336.967
665,10/13/2023 1:35,967150.4273,1935336.967
666,10/13/2023 1:35,967150.26,1935336.911
667,10/13/2023 1:35,967150.26,1935336.911
668,10/13/2023 1:35,967149.9324,1935337.904
669,10/13/2023 1:35,967150.6524,1935338.059
670,10/13/2023 1:35,967150.6524,1935338.059
671,10/13/2023 1:35,967150.6524,1935338.059
672,10/13/2023 1:35,967150.6524,1935338.059
673,10/13/2023 1:35,967150.5568,1935337.141
674,10/13/2023 1:35,967149.9494,1935336.757
675,10/13/2023 1:35,967149.9494,1935336.757
676,10/13/2023 1:35,967149.9494,1935336.757
677,10/13/2023 1:35,967151.2251,1935337.139
678,10/13/2023 1:35,967151.2251,1935337.139
679,10/13/2023 1:35,967151.2251,1935337.139
680,10/13/2023 1:35,967151.2251,1935337.139
681,10/13/2023 1:35,967150.5971,1935336.937
682,10/13/2023 1:35,967150.5971,1935336.937
683,10/13/2023 1:35,967151.627,1935335.992
684,10/13/2023 1:35,967151.627,1935335.992
685,10/13/2023 1:35,967151.7309,1935335.981
686,10/13/2023 1:35,967151.7309,1935335.981
687,10/13/2023 1:35,967151.7309,1935335.981
688,10/13/2023 1:35,967151.7309,1935335.981
689,10/13/2023 1:35,967151.7309,1935335.981
690,10/13/2023 1:35,967151.1456,1935336.654
691,10/13/2023 1:35,967151.5702,1935337.385
692,10/13/2023 1:35,967151.5702,1935337.385
693,10/13/2023 1:35,967150.5921,1935336.646
694,10/13/2023 1:35,967150.736,1935337.037
695,10/13/2023 1:35,967150.736,1935337.037
696,10/13/2023 1:35,967150.736,1935337.037
697,10/13/2023 1:35,967150.736,1935337.037
698,10/13/2023 1:35,967151.8399,1935336.662
699,10/13/2023 1:35,967151.573,1935336.808
700,10/13/2023 1:35,967151.573,1935336.808
701,10/13/2023 1:35,967151.573,1935336.808
702,10/13/2023 1:35,967151.6335,1935337.875
703,10/13/2023 1:35,967151.6335,1935337.875
704,10/13/2023 1:35,967151.6335,1935337.875
705,10/13/2023 1:35,967151.6335,1935337.875
706,10/13/2023 1:35,967152.0266,1935337.81
707,10/13/2023 1:35,967152.0172,1935337.532
708,10/13/2023 1:35,967152.0172,1935337.532
709,10/13/2023 1:35,967152.1867,1935337.415
710,10/13/2023 1:35,967151.2774,1935336.987
711,10/13/2023 1:35,967151.2774,1935336.987
712,10/13/2023 1:35,967151.2774,1935336.987
713,10/13/2023 1:35,967151.2774,1935336.987
714,10/13/2023 1:35,967151.3931,1935336.728
715,10/13/2023 1:35,967151.5042,1935336.204
716,10/13/2023 1:35,967151.5042,1935336.204
717,10/13/2023 1:35,967151.5042,1935336.204
718,10/13/2023 1:35,967151.5042,1935336.204
719,10/13/2023 1:35,967151.9525,1935336.643
720,10/13/2023 1:35,967151.9427,1935336.467
721,10/13/2023 1:35,967151.9427,1935336.467
722,10/13/2023 1:35,967151.9427,1935336.467
723,10/13/2023 1:35,967151.9427,1935336.467
724,10/13/2023 1:35,967150.8746,1935337.177
725,10/13/2023 1:35,967153.0326,1935337.323
726,10/13/2023 1:35,967153.0326,1935337.323
727,10/13/2023 1:35,967153.0326,1935337.323
728,10/13/2023 1:35,967152.3079,1935336.047
729,10/13/2023 1:35,967152.3079,1935336.047
730,10/13/2023 1:35,967152.3079,1935336.047
731,10/13/2023 1:35,967152.675,1935337.768
732,10/13/2023 1:35,967152.675,1935337.768
733,10/13/2023 1:35,967152.675,1935337.768
734,10/13/2023 1:35,967152.2912,1935336.814
735,10/13/2023 1:35,967152.2912,1935336.814
736,10/13/2023 1:35,967152.6015,1935337.173
737,10/13/2023 1:35,967152.6015,1935337.173
738,10/13/2023 1:35,967152.6015,1935337.173
739,10/13/2023 1:35,967152.6015,1935337.173
740,10/13/2023 1:35,967152.69,1935336.5
741,10/13/2023 1:35,967152.69,1935336.5
742,10/13/2023 1:35,967152.537,1935336.157
743,10/13/2023 1:35,967151.9536,1935337.102
744,10/13/2023 1:35,967151.9536,1935337.102
745,10/13/2023 1:35,967153.0633,1935336.568
746,10/13/2023 1:35,967152.6879,1935336.164
747,10/13/2023 1:35,967152.6879,1935336.164
748,10/13/2023 1:35,967152.6879,1935336.164
749,10/13/2023 1:35,967152.9535,1935337.61
750,10/13/2023 1:35,967153.1299,1935336.456
751,10/13/2023 1:35,967153.3241,1935336.867
752,10/13/2023 1:35,967153.3241,1935336.867
753,10/13/2023 1:35,967153.3241,1935336.867
754,10/13/2023 1:35,967151.9094,1935336.634
755,10/13/2023 1:35,967151.9094,1935336.634
756,10/13/2023 1:35,967151.9094,1935336.634
757,10/13/2023 1:35,967152.21,1935337.508
758,10/13/2023 1:35,967152.4539,1935335.886
759,10/13/2023 1:35,967153.2146,1935337.829
760,10/13/2023 1:35,967153.2146,1935337.829
761,10/13/2023 1:35,967153.2146,1935337.829
762,10/13/2023 1:35,967153.2108,1935337.321
763,10/13/2023 1:35,967153.2108,1935337.321
764,10/13/2023 1:35,967153.2108,1935337.321
765,10/13/2023 1:35,967153.2108,1935337.321
766,10/13/2023 1:35,967152.475,1935336.577
767,10/13/2023 1:35,967152.475,1935336.577
768,10/13/2023 1:35,967152.958,1935336.414
769,10/13/2023 1:35,967152.958,1935336.414
770,10/13/2023 1:35,967152.4087,1935336.951
771,10/13/2023 1:35,967152.8738,1935336.667
772,10/13/2023 1:35,967152.8738,1935336.667
773,10/13/2023 1:35,967152.8738,1935336.667
774,10/13/2023 1:35,967152.8738,1935336.667
775,10/13/2023 1:35,967152.9216,1935336.745
776,10/13/2023 1:35,967153.1766,1935337.388
777,10/13/2023 1:35,967153.1766,1935337.388
778,10/13/2023 1:35,967153.3536,1935336.614
779,10/13/2023 1:35,967153.3155,1935337.132
780,10/13/2023 1:35,967153.3155,1935337.132
781,10/13/2023 1:35,967153.3155,1935337.132
782,10/13/2023 1:35,967153.3155,1935337.132
783,10/13/2023 1:35,967153.1117,1935336.666
784,10/13/2023 1:35,967153.8902,1935336.146
785,10/13/2023 1:35,967153.8902,1935336.146
786,10/13/2023 1:35,967153.8902,1935336.146
787,10/13/2023 1:35,967153.7215,1935336.488
788,10/13/2023 1:35,967153.7215,1935336.488
789,10/13/2023 1:35,967153.7215,1935336.488
790,10/13/2023 1:35,967153.7215,1935336.488
791,10/13/2023 1:35,967153.7017,1935336.518
792,10/13/2023 1:35,967153.4996,1935336.918
793,10/13/2023 1:35,967153.4996,1935336.918
794,10/13/2023 1:35,967153.4473,1935337.1
795,10/13/2023 1:35,967153.7915,1935337.192
796,10/13/2023 1:35,967153.7915,1935337.192
797,10/13/2023 1:35,967154.2863,1935336.809
798,10/13/2023 1:35,967154.2863,1935336.809
799,10/13/2023 1:35,967154.2863,1935336.809
800,10/13/2023 1:35,967154.0347,1935335.67
801,10/13/2023 1:35,967153.8323,1935336.539
802,10/13/2023 1:35,967153.8323,1935336.539
803,10/13/2023 1:35,967153.8323,1935336.539
804,10/13/2023 1:35,967154.3413,1935336.989
805,10/13/2023 1:35,967152.8905,1935337.173
806,10/13/2023 1:35,967152.8905,1935337.173
807,10/13/2023 1:35,967152.8905,1935337.173
808,10/13/2023 1:35,967152.8905,1935337.173
809,10/13/2023 1:35,967154.369,1935336.589
810,10/13/2023 1:35,967155.3938,1935337.409
811,10/13/2023 1:35,967153.2424,1935336.755
812,10/13/2023 1:35,967153.2424,1935336.755
813,10/13/2023 1:35,967153.829,1935335.862
814,10/13/2023 1:35,967153.9123,1935337.483
815,10/13/2023 1:35,967153.9123,1935337.483
816,10/13/2023 1:35,967153.9123,1935337.483
817,10/13/2023 1:35,967154.3346,1935336.276
818,10/13/2023 1:35,967154.5357,1935336.935
819,10/13/2023 1:35,967153.7953,1935337.404
820,10/13/2023 1:35,967153.7953,1935337.404
821,10/13/2023 1:35,967153.7337,1935337.259
822,10/13/2023 1:35,967155.024,1935337.8
823,10/13/2023 1:35,967155.024,1935337.8
824,10/13/2023 1:35,967155.024,1935337.8
825,10/13/2023 1:35,967154.8842,1935336.961
826,10/13/2023 1:35,967154.3684,1935337.024
827,10/13/2023 1:35,967154.8893,1935337.442
828,10/13/2023 1:35,967154.8893,1935337.442
829,10/13/2023 1:35,967154.7942,1935335.777
830,10/13/2023 1:35,967154.7942,1935335.777
831,10/13/2023 1:35,967155.5518,1935337.257
832,10/13/2023 1:35,967155.165,1935337.455
833,10/13/2023 1:35,967155.165,1935337.455
834,10/13/2023 1:35,967154.3118,1935336.663
835,10/13/2023 1:35,967154.4601,1935337.705
836,10/13/2023 1:35,967154.4601,1935337.705
837,10/13/2023 1:35,967155.2759,1935337.1
838,10/13/2023 1:35,967155.2759,1935337.1
839,10/13/2023 1:35,967155.1946,1935337.429
840,10/13/2023 1:35,967154.5958,1935336.918
841,10/13/2023 1:35,967154.5958,1935336.918
842,10/13/2023 1:35,967154.461,1935336.387
843,10/13/2023 1:35,967154.461,1935336.387
844,10/13/2023 1:35,967154.6327,1935337.164
845,10/13/2023 1:35,967155.0744,1935336.273
846,10/13/2023 1:35,967155.0744,1935336.273
847,10/13/2023 1:35,967155.3813,1935337.379
848,10/13/2023 1:35,967153.8956,1935336.633
849,10/13/2023 1:35,967153.8956,1935336.633
850,10/13/2023 1:35,967154.7396,1935337.091
851,10/13/2023 1:35,967154.7396,1935337.091
852,10/13/2023 1:35,967154.9986,1935336.255
853,10/13/2023 1:35,967153.7929,1935336.632
854,10/13/2023 1:35,967153.7929,1935336.632
855,10/13/2023 1:35,967154.6773,1935337.278
856,10/13/2023 1:35,967154.8154,1935336.487
857,10/13/2023 1:35,967154.8154,1935336.487
858,10/13/2023 1:35,967155.5205,1935336.164
859,10/13/2023 1:35,967155.5205,1935336.164
860,10/13/2023 1:35,967155.8486,1935337.712
861,10/13/2023 1:35,967155.4919,1935337.26
862,10/13/2023 1:35,967155.9729,1935336.433
863,10/13/2023 1:35,967155.9729,1935336.433
864,10/13/2023 1:35,967155.9729,1935336.433
865,10/13/2023 1:35,967155.1091,1935337.524
866,10/13/2023 1:35,967155.1091,1935337.524
867,10/13/2023 1:35,967155.1091,1935337.524
868,10/13/2023 1:35,967154.9389,1935336.726
869,10/13/2023 1:35,967155.5641,1935337.182
870,10/13/2023 1:35,967155.3706,1935337.471
871,10/13/2023 1:35,967155.3706,1935337.471
872,10/13/2023 1:35,967155.3706,1935337.471
873,10/13/2023 1:35,967156.1205,1935336.719
874,10/13/2023 1:35,967156.1205,1935336.719
875,10/13/2023 1:35,967156.1205,1935336.719
876,10/13/2023 1:35,967155.361,1935337.419
877,10/13/2023 1:35,967155.3807,1935337.433
878,10/13/2023 1:35,967156.4064,1935337.19
879,10/13/2023 1:35,967156.4064,1935337.19
880,10/13/2023 1:35,967156.4064,1935337.19
881,10/13/2023 1:35,967156.4064,1935337.19
882,10/13/2023 1:35,967155.3252,1935337.121
883,10/13/2023 1:35,967156.4953,1935337.401
884,10/13/2023 1:35,967156.4953,1935337.401
885,10/13/2023 1:35,967156.4953,1935337.401
886,10/13/2023 1:35,967156.4953,1935337.401
887,10/13/2023 1:35,967155.7557,1935336.428
888,10/13/2023 1:35,967155.7557,1935336.428
889,10/13/2023 1:35,967155.8883,1935337.027
890,10/13/2023 1:35,967155.8883,1935337.027
891,10/13/2023 1:35,967155.8883,1935337.027
892,10/13/2023 1:35,967155.8883,1935337.027
893,10/13/2023 1:35,967155.8505,1935337.315
894,10/13/2023 1:35,967155.8505,1935337.315
895,10/13/2023 1:35,967155.8537,1935337.756
896,10/13/2023 1:35,967155.8537,1935337.756
897,10/13/2023 1:35,967156.2975,1935337.916
898,10/13/2023 1:35,967156.0215,1935337.451
899,10/13/2023 1:35,967156.0215,1935337.451
900,10/13/2023 1:35,967156.0215,1935337.451
901,10/13/2023 1:35,967156.4308,1935337.526
902,10/13/2023 1:35,967156.4308,1935337.526
903,10/13/2023 1:35,967156.4178,1935337.011
904,10/13/2023 1:35,967156.4178,1935337.011
905,10/13/2023 1:35,967156.4182,1935337.25
906,10/13/2023 1:35,967156.4182,1935337.25
907,10/13/2023 1:35,967156.4182,1935337.25
908,10/13/2023 1:35,967156.4182,1935337.25
909,10/13/2023 1:35,967155.5443,1935337.926
910,10/13/2023 1:35,967155.5443,1935337.926
911,10/13/2023 1:35,967156.8384,1935337.624
912,10/13/2023 1:35,967156.8384,1935337.624
913,10/13/2023 1:35,967155.1354,1935337.224
914,10/13/2023 1:35,967156.8035,1935336.059
915,10/13/2023 1:35,967156.8035,1935336.059
916,10/13/2023 1:35,967156.8035,1935336.059
917,10/13/2023 1:35,967156.8035,1935336.059
918,10/13/2023 1:35,967156.4943,1935337.552
919,10/13/2023 1:35,967156.5995,1935337.391
920,10/13/2023 1:35,967156.5995,1935337.391
921,10/13/2023 1:35,967157.2074,1935337.007
922,10/13/2023 1:35,967157.428,1935338.109
923,10/13/2023 1:35,967157.428,1935338.109
924,10/13/2023 1:35,967157.428,1935338.109
925,10/13/2023 1:35,967157.428,1935338.109
926,10/13/2023 1:35,967157.0085,1935338.795
927,10/13/2023 1:35,967156.7042,1935337.09
928,10/13/2023 1:35,967156.7042,1935337.09
929,10/13/2023 1:35,967156.9714,1935336.972
930,10/13/2023 1:35,967156.9684,1935337.401
931,10/13/2023 1:35,967156.9684,1935337.401
932,10/13/2023 1:35,967156.9684,1935337.401
933,10/13/2023 1:35,967156.9684,1935337.401
934,10/13/2023 1:35,967155.8083,1935337.121
935,10/13/2023 1:35,967157.338,1935338.079
936,10/13/2023 1:35,967157.338,1935338.079
937,10/13/2023 1:35,967156.4851,1935336.806
938,10/13/2023 1:35,967156.4851,1935336.806
939,10/13/2023 1:35,967156.4851,1935336.806
940,10/13/2023 1:35,967157.3532,1935337.244
941,10/13/2023 1:35,967157.5505,1935337.861
942,10/13/2023 1:35,967157.5505,1935337.861
943,10/13/2023 1:35,967156.256,1935337.982
944,10/13/2023 1:35,967156.256,1935337.982
945,10/13/2023 1:35,967157.3531,1935337.726
946,10/13/2023 1:35,967157.3531,1935337.726
947,10/13/2023 1:35,967157.3531,1935337.726
948,10/13/2023 1:35,967157.3531,1935337.726
949,10/13/2023 1:35,967157.8147,1935337.113
950,10/13/2023 1:35,967157.8147,1935337.113
951,10/13/2023 1:35,967156.5731,1935337.961
952,10/13/2023 1:35,967156.5731,1935337.961
953,10/13/2023 1:35,967158.0747,1935337.63
954,10/13/2023 1:35,967158.0747,1935337.63
955,10/13/2023 1:35,967158.0747,1935337.63
956,10/13/2023 1:35,967158.0747,1935337.63
957,10/13/2023 1:35,967157.7839,1935336.854
958,10/13/2023 1:35,967157.7839,1935336.854
959,10/13/2023 1:35,967157.2879,1935337.955
960,10/13/2023 1:35,967157.2879,1935337.955
961,10/13/2023 1:35,967157.2879,1935337.955
962,10/13/2023 1:35,967157.4247,1935337.406
963,10/13/2023 1:35,967157.8733,1935338.11
964,10/13/2023 1:35,967157.8733,1935338.11
965,10/13/2023 1:35,967157.8733,1935338.11
966,10/13/2023 1:35,967157.8733,1935338.11
967,10/13/2023 1:35,967158.2016,1935337.803
968,10/13/2023 1:35,967157.0785,1935337.905
969,10/13/2023 1:35,967157.0785,1935337.905
970,10/13/2023 1:35,967158.5954,1935337.277
971,10/13/2023 1:35,967158.1377,1935337.389
972,10/13/2023 1:35,967158.1377,1935337.389
973,10/13/2023 1:35,967158.1377,1935337.389
974,10/13/2023 1:35,967158.1377,1935337.389
975,10/13/2023 1:35,967158.5657,1935337.653
976,10/13/2023 1:35,967158.3063,1935338.255
977,10/13/2023 1:35,967158.3063,1935338.255
978,10/13/2023 1:35,967157.4108,1935337.247
979,10/13/2023 1:35,967158.2839,1935336.141
980,10/13/2023 1:35,967158.2839,1935336.141
981,10/13/2023 1:35,967158.2839,1935336.141
982,10/13/2023 1:35,967158.2839,1935336.141
983,10/13/2023 1:35,967158.5867,1935337.559
984,10/13/2023 1:35,967157.8167,1935336.868
985,10/13/2023 1:35,967157.8167,1935336.868
986,10/13/2023 1:35,967158.1645,1935336.863
987,10/13/2023 1:35,967158.683,1935337.953
988,10/13/2023 1:35,967158.683,1935337.953
989,10/13/2023 1:35,967158.2345,1935337.922
990,10/13/2023 1:35,967158.2644,1935337.62
991,10/13/2023 1:35,967158.2644,1935337.62
992,10/13/2023 1:35,967158.3192,1935337.018
993,10/13/2023 1:35,967157.9504,1935336.988
994,10/13/2023 1:35,967157.9504,1935336.988
995,10/13/2023 1:35,967157.5922,1935337.418
996,10/13/2023 1:35,967158.6956,1935337.854
997,10/13/2023 1:35,967158.6956,1935337.854
998,10/13/2023 1:35,967158.4896,1935337.589
999,10/13/2023 1:35,967158.4896,1935337.589
1000,10/13/2023 1:35,967159.1912,1935336.863
1001,10/13/2023 1:35,967159.1063,1935336.868
1002,10/13/2023 1:35,967159.1063,1935336.868
1003,10/13/2023 1:35,967158.5328,1935337.963
1004,10/13/2023 1:35,967158.0818,1935337.937
1005,10/13/2023 1:35,967158.0818,1935337.937
1006,10/13/2023 1:35,967158.0818,1935337.937
1007,10/13/2023 1:35,967158.0818,1935337.937
1008,10/13/2023 1:35,967159.6042,1935337.67
1009,10/13/2023 1:35,967159.8258,1935338.242
1010,10/13/2023 1:35,967159.8258,1935338.242
1011,10/13/2023 1:35,967158.5602,1935337.897
1012,10/13/2023 1:35,967158.5421,1935337.572
1013,10/13/2023 1:35,967158.5421,1935337.572
1014,10/13/2023 1:35,967158.5421,1935337.572
1015,10/13/2023 1:35,967158.5421,1935337.572
1016,10/13/2023 1:35,967158.8606,1935337.932
1017,10/13/2023 1:35,967158.9658,1935337.777
1018,10/13/2023 1:35,967158.9658,1935337.777
1019,10/13/2023 1:35,967159.6724,1935337.597
1020,10/13/2023 1:35,967158.9854,1935337.661
1021,10/13/2023 1:35,967158.9854,1935337.661
1022,10/13/2023 1:35,967158.9854,1935337.661
1023,10/13/2023 1:35,967158.9854,1935337.661
1024,10/13/2023 1:35,967159.1299,1935338.086
1025,10/13/2023 1:35,967159.1197,1935338.047
1026,10/13/2023 1:35,967159.1197,1935338.047
1027,10/13/2023 1:35,967159.1328,1935337.841
1028,10/13/2023 1:35,967159.1328,1935337.841
1029,10/13/2023 1:35,967159.1328,1935337.841
1030,10/13/2023 1:35,967159.2565,1935337.934
1031,10/13/2023 1:35,967159.2565,1935337.934
1032,10/13/2023 1:35,967159.2565,1935337.934
1033,10/13/2023 1:35,967159.3905,1935337.9
1034,10/13/2023 1:35,967159.6363,1935337.995
1035,10/13/2023 1:35,967159.6363,1935337.995
1036,10/13/2023 1:35,967159.6363,1935337.995
1037,10/13/2023 1:35,967159.6363,1935337.995
1038,10/13/2023 1:35,967159.6363,1935337.995
1039,10/13/2023 1:35,967159.6363,1935337.995
1040,10/13/2023 1:35,967159.8282,1935338.123
1041,10/13/2023 1:35,967160.0179,1935337.253
1042,10/13/2023 1:35,967160.0179,1935337.253
1043,10/13/2023 1:35,967160.0179,1935337.253
1044,10/13/2023 1:35,967160.0179,1935337.253
1045,10/13/2023 1:35,967160.7791,1935337.932
1046,10/13/2023 1:35,967160.7791,1935337.932
1047,10/13/2023 1:35,967159.8273,1935338.196
1048,10/13/2023 1:35,967159.8273,1935338.196
1049,10/13/2023 1:35,967159.8273,1935338.196
1050,10/13/2023 1:35,967159.8273,1935338.196
1051,10/13/2023 1:35,967159.806,1935337.371
1052,10/13/2023 1:35,967159.806,1935337.371
1053,10/13/2023 1:35,967160.3971,1935337.695
1054,10/13/2023 1:35,967160.3971,1935337.695
1055,10/13/2023 1:35,967160.6463,1935336.867
1056,10/13/2023 1:35,967160.6463,1935336.867
1057,10/13/2023 1:35,967160.6463,1935336.867
1058,10/13/2023 1:35,967160.6463,1935336.867
1059,10/13/2023 1:35,967159.4881,1935338.75
1060,10/13/2023 1:35,967159.4881,1935338.75
1061,10/13/2023 1:35,967161.0998,1935337.226
1062,10/13/2023 1:35,967160.2696,1935338.098
1063,10/13/2023 1:35,967160.2696,1935338.098
1064,10/13/2023 1:35,967160.4548,1935338.555
1065,10/13/2023 1:35,967160.4548,1935338.555
1066,10/13/2023 1:35,967160.4548,1935338.555
1067,10/13/2023 1:35,967160.5702,1935337.605
1068,10/13/2023 1:35,967160.4374,1935337.183
1069,10/13/2023 1:35,967160.4374,1935337.183
1070,10/13/2023 1:35,967159.7962,1935338.452
1071,10/13/2023 1:35,967160.0198,1935337.97
1072,10/13/2023 1:35,967160.0198,1935337.97
1073,10/13/2023 1:35,967159.8796,1935337.656
1074,10/13/2023 1:35,967160.5969,1935338.244
1075,10/13/2023 1:35,967160.5969,1935338.244
1076,10/13/2023 1:35,967159.8995,1935337.508
1077,10/13/2023 1:35,967159.8995,1935337.508
1078,10/13/2023 1:35,967161.511,1935338.041
1079,10/13/2023 1:35,967161.0019,1935338.423
1080,10/13/2023 1:35,967161.0019,1935338.423
1081,10/13/2023 1:35,967160.5465,1935337.733
1082,10/13/2023 1:35,967161.1887,1935337.228
1083,10/13/2023 1:35,967161.1887,1935337.228
1084,10/13/2023 1:35,967161.2251,1935337.238
1085,10/13/2023 1:35,967161.2251,1935337.238
1086,10/13/2023 1:35,967159.9082,1935337.383
1087,10/13/2023 1:35,967159.9636,1935337.897
1088,10/13/2023 1:35,967160.7516,1935337.28
1089,10/13/2023 1:35,967160.7516,1935337.28
1090,10/13/2023 1:35,967160.7516,1935337.28
1091,10/13/2023 1:35,967161.9669,1935338.869
1092,10/13/2023 1:35,967160.6881,1935337.922
1093,10/13/2023 1:35,967161.6391,1935338.32
1094,10/13/2023 1:35,967161.6391,1935338.32
1095,10/13/2023 1:35,967162.003,1935338.131
1096,10/13/2023 1:35,967160.9428,1935337.587
1097,10/13/2023 1:35,967160.9428,1935337.587
1098,10/13/2023 1:35,967160.9428,1935337.587
1099,10/13/2023 1:35,967161.5665,1935337.096
1100,10/13/2023 1:35,967160.7785,1935337.661
1101,10/13/2023 1:35,967160.8455,1935337.972
1102,10/13/2023 1:35,967160.8455,1935337.972
1103,10/13/2023 1:35,967162.2692,1935337.869
1104,10/13/2023 1:35,967161.0808,1935338.374
1105,10/13/2023 1:35,967161.0808,1935338.374
1106,10/13/2023 1:35,967161.0808,1935338.374
1107,10/13/2023 1:35,967161.4265,1935337.795
1108,10/13/2023 1:35,967162.0571,1935337.754
1109,10/13/2023 1:35,967162.0571,1935337.754
1110,10/13/2023 1:35,967162.0571,1935337.754
1111,10/13/2023 1:35,967162.0571,1935337.754
1112,10/13/2023 1:35,967161.8387,1935338.134
1113,10/13/2023 1:35,967162.2993,1935338.193
1114,10/13/2023 1:35,967162.2993,1935338.193
1115,10/13/2023 1:35,967161.57,1935337.515
1116,10/13/2023 1:35,967161.017,1935337.953
1117,10/13/2023 1:35,967161.017,1935337.953
1118,10/13/2023 1:35,967161.017,1935337.953
1119,10/13/2023 1:35,967161.017,1935337.953
1120,10/13/2023 1:35,967161.9037,1935338.472
1121,10/13/2023 1:35,967161.1554,1935338.842
1122,10/13/2023 1:35,967161.1554,1935338.842
1123,10/13/2023 1:35,967161.1554,1935338.842
1124,10/13/2023 1:35,967162.2207,1935338.552
1125,10/13/2023 1:35,967162.2207,1935338.552
1126,10/13/2023 1:35,967161.0454,1935338.27
1127,10/13/2023 1:35,967161.0454,1935338.27
1128,10/13/2023 1:35,967161.9304,1935337.8
1129,10/13/2023 1:35,967161.9304,1935337.8
1130,10/13/2023 1:35,967161.8291,1935338.17
1131,10/13/2023 1:35,967162.7658,1935337.132
1132,10/13/2023 1:35,967162.7658,1935337.132
1133,10/13/2023 1:35,967161.9577,1935338.671
1134,10/13/2023 1:35,967162.259,1935338.199
1135,10/13/2023 1:35,967162.259,1935338.199
1136,10/13/2023 1:35,967162.3032,1935337.808
1137,10/13/2023 1:35,967162.3032,1935337.808
1138,10/13/2023 1:35,967161.8187,1935337.462
1139,10/13/2023 1:35,967160.907,1935339.255
1140,10/13/2023 1:35,967162.5019,1935337.924
1141,10/13/2023 1:35,967162.5019,1935337.924
1142,10/13/2023 1:35,967161.3303,1935338.925
1143,10/13/2023 1:35,967162.0427,1935338.096
1144,10/13/2023 1:35,967162.0427,1935338.096
1145,10/13/2023 1:35,967162.0251,1935338.659
1146,10/13/2023 1:35,967162.0251,1935338.659
1147,10/13/2023 1:35,967162.4781,1935337.685
1148,10/13/2023 1:35,967162.3655,1935337.924
1149,10/13/2023 1:35,967162.0763,1935338.724
1150,10/13/2023 1:35,967162.0763,1935338.724
1151,10/13/2023 1:35,967161.3601,1935337.782
1152,10/13/2023 1:35,967162.9109,1935338.599
1153,10/13/2023 1:35,967162.9109,1935338.599
1154,10/13/2023 1:35,967162.9109,1935338.599
1155,10/13/2023 1:35,967162.46,1935338.434
1156,10/13/2023 1:35,967162.5598,1935338.535
1157,10/13/2023 1:35,967162.1492,1935338.345
1158,10/13/2023 1:35,967162.1492,1935338.345
1159,10/13/2023 1:35,967162.1423,1935337.896
1160,10/13/2023 1:35,967163.349,1935338.465
1161,10/13/2023 1:35,967163.349,1935338.465
1162,10/13/2023 1:35,967162.4317,1935337.693
1163,10/13/2023 1:35,967162.4317,1935337.693
1164,10/13/2023 1:35,967163.2407,1935337.092
1165,10/13/2023 1:35,967162.9831,1935338.246
1166,10/13/2023 1:35,967162.9831,1935338.246
1167,10/13/2023 1:35,967162.9831,1935338.246
1168,10/13/2023 1:35,967162.9784,1935337.671
1169,10/13/2023 1:35,967163.2275,1935338.207
1170,10/13/2023 1:35,967163.2275,1935338.207
1171,10/13/2023 1:35,967163.2275,1935338.207
1172,10/13/2023 1:35,967163.2275,1935338.207
1173,10/13/2023 1:35,967163.533,1935337.533
1174,10/13/2023 1:35,967163.1907,1935338.742
1175,10/13/2023 1:35,967163.1907,1935338.742
1176,10/13/2023 1:35,967163.4643,1935337.537
1177,10/13/2023 1:35,967163.2126,1935338.083
1178,10/13/2023 1:35,967163.2126,1935338.083
1179,10/13/2023 1:35,967163.2126,1935338.083
1180,10/13/2023 1:35,967163.0251,1935337.657
1181,10/13/2023 1:35,967163.0251,1935337.657
1182,10/13/2023 1:35,967164.0076,1935338.01
1183,10/13/2023 1:35,967164.0076,1935338.01
1184,10/13/2023 1:35,967163.4363,1935337.948
1185,10/13/2023 1:35,967163.4363,1935337.948
1186,10/13/2023 1:35,967163.4363,1935337.948
1187,10/13/2023 1:35,967162.4255,1935338.088
1188,10/13/2023 1:35,967163.4873,1935338.994
1189,10/13/2023 1:35,967163.4873,1935338.994
1190,10/13/2023 1:35,967163.8507,1935338.279
1191,10/13/2023 1:35,967163.1951,1935339.189
1192,10/13/2023 1:35,967163.1951,1935339.189
1193,10/13/2023 1:35,967163.6574,1935338.8
1194,10/13/2023 1:35,967163.6736,1935338.33
1195,10/13/2023 1:35,967163.6736,1935338.33
1196,10/13/2023 1:35,967163.7556,1935337.747
1197,10/13/2023 1:35,967163.7556,1935337.747
1198,10/13/2023 1:35,967164.6809,1935338.808
1199,10/13/2023 1:35,967163.3376,1935337.798
1200,10/13/2023 1:35,967163.3376,1935337.798
1201,10/13/2023 1:35,967164.4874,1935338.488
1202,10/13/2023 1:35,967164.3591,1935337.615
1203,10/13/2023 1:35,967164.3591,1935337.615
1204,10/13/2023 1:35,967164.3591,1935337.615
1205,10/13/2023 1:35,967164.3591,1935337.615
1206,10/13/2023 1:35,967164.3322,1935338.104
1207,10/13/2023 1:35,967163.8313,1935337.868
1208,10/13/2023 1:35,967163.8313,1935337.868
1209,10/13/2023 1:35,967164.1372,1935337.695
1210,10/13/2023 1:35,967163.8148,1935339.073
1211,10/13/2023 1:35,967163.8148,1935339.073
1212,10/13/2023 1:35,967163.8148,1935339.073
1213,10/13/2023 1:35,967164.4534,1935338.316
1214,10/13/2023 1:35,967164.4534,1935338.316
1215,10/13/2023 1:35,967163.3952,1935338.423
1216,10/13/2023 1:35,967163.3952,1935338.423
1217,10/13/2023 1:35,967164.6797,1935338.732
1218,10/13/2023 1:35,967164.6797,1935338.732
1219,10/13/2023 1:35,967164.6797,1935338.732
1220,10/13/2023 1:35,967164.6797,1935338.732
1221,10/13/2023 1:35,967165.033,1935337.856
1222,10/13/2023 1:35,967164.5611,1935338.377
1223,10/13/2023 1:35,967164.5611,1935338.377
1224,10/13/2023 1:35,967164.3893,1935338.312
1225,10/13/2023 1:35,967164.6321,1935338
1226,10/13/2023 1:35,967164.6321,1935338
1227,10/13/2023 1:35,967164.2363,1935338.391
1228,10/13/2023 1:35,967164.2363,1935338.391
1229,10/13/2023 1:35,967164.2489,1935338.819
1230,10/13/2023 1:35,967164.0405,1935338.265
1231,10/13/2023 1:35,967164.0067,1935338.228
1232,10/13/2023 1:35,967164.0067,1935338.228
1233,10/13/2023 1:35,967164.5591,1935338.921
1234,10/13/2023 1:35,967164.3634,1935338.228
1235,10/13/2023 1:35,967164.3634,1935338.228
1236,10/13/2023 1:35,967164.396,1935338.599
1237,10/13/2023 1:35,967164.396,1935338.599
1238,10/13/2023 1:35,967163.9899,1935339.31
1239,10/13/2023 1:35,967164.6735,1935338.378
1240,10/13/2023 1:35,967164.6735,1935338.378
1241,10/13/2023 1:35,967164.1529,1935338.368
1242,10/13/2023 1:35,967164.8992,1935338.93
1243,10/13/2023 1:35,967164.8992,1935338.93
1244,10/13/2023 1:35,967166.2536,1935338.294
1245,10/13/2023 1:35,967166.2536,1935338.294
1246,10/13/2023 1:35,967164.1461,1935338.855
1247,10/13/2023 1:35,967165.7664,1935338.624
1248,10/13/2023 1:35,967165.7664,1935338.624
1249,10/13/2023 1:35,967165.1427,1935338.623
1250,10/13/2023 1:35,967165.1427,1935338.623
1251,10/13/2023 1:35,967165.1427,1935338.623
1252,10/13/2023 1:35,967165.1723,1935338.073
1253,10/13/2023 1:35,967165.5281,1935337.566
1254,10/13/2023 1:35,967165.5281,1935337.566
1255,10/13/2023 1:35,967164.995,1935337.95
1256,10/13/2023 1:35,967164.995,1935337.95
1257,10/13/2023 1:35,967164.999,1935338.676
1258,10/13/2023 1:35,967164.999,1935338.676
1259,10/13/2023 1:35,967164.999,1935338.676
1260,10/13/2023 1:35,967164.8564,1935338.53
1261,10/13/2023 1:35,967165.4733,1935339.386
1262,10/13/2023 1:35,967165.4741,1935338.83
1263,10/13/2023 1:35,967165.4741,1935338.83
1264,10/13/2023 1:35,967165.5985,1935337.634
1265,10/13/2023 1:35,967164.9778,1935338.674
1266,10/13/2023 1:35,967164.9778,1935338.674
1267,10/13/2023 1:35,967164.9778,1935338.674
1268,10/13/2023 1:35,967164.9778,1935338.674
1269,10/13/2023 1:35,967166.3166,1935338.547
1270,10/13/2023 1:35,967165.8243,1935338.6
1271,10/13/2023 1:35,967166.0492,1935338.52
1272,10/13/2023 1:35,967166.0492,1935338.52
1273,10/13/2023 1:35,967165.3464,1935337.999
1274,10/13/2023 1:35,967165.5006,1935338.465
1275,10/13/2023 1:35,967165.5006,1935338.465
1276,10/13/2023 1:35,967165.5006,1935338.465
1277,10/13/2023 1:35,967165.3053,1935338.142
1278,10/13/2023 1:35,967165.9149,1935339.192
1279,10/13/2023 1:35,967166.0097,1935338.497
1280,10/13/2023 1:35,967166.0097,1935338.497
1281,10/13/2023 1:35,967165.8936,1935338.052
1282,10/13/2023 1:35,967165.8936,1935338.052
1283,10/13/2023 1:35,967165.8936,1935338.052
1284,10/13/2023 1:35,967164.7107,1935338.17
1285,10/13/2023 1:35,967166.0641,1935338.226
1286,10/13/2023 1:35,967166.4105,1935338.795
1287,10/13/2023 1:35,967166.4105,1935338.795
1288,10/13/2023 1:35,967166.5261,1935338.354
1289,10/13/2023 1:35,967166.5261,1935338.354
1290,10/13/2023 1:35,967165.6297,1935338.265
1291,10/13/2023 1:35,967165.6297,1935338.265
1292,10/13/2023 1:35,967165.6297,1935338.265
1293,10/13/2023 1:35,967166.0938,1935338.521
1294,10/13/2023 1:35,967166.2296,1935337.86
1295,10/13/2023 1:35,967166.2296,1935337.86
1296,10/13/2023 1:35,967166.8225,1935339.003
1297,10/13/2023 1:35,967166.8225,1935339.003
1298,10/13/2023 1:35,967166.7837,1935338.617
1299,10/13/2023 1:35,967166.7837,1935338.617
1300,10/13/2023 1:35,967166.7837,1935338.617
1301,10/13/2023 1:35,967166.34,1935339.149
1302,10/13/2023 1:35,967167.4035,1935338.479
1303,10/13/2023 1:35,967166.5647,1935337.71
1304,10/13/2023 1:35,967166.5647,1935337.71
1305,10/13/2023 1:35,967167.0994,1935337.903
1306,10/13/2023 1:35,967167.0994,1935337.903
1307,10/13/2023 1:35,967166.6253,1935339.018
1308,10/13/2023 1:35,967166.6253,1935339.018
1309,10/13/2023 1:35,967166.6253,1935339.018
1310,10/13/2023 1:35,967167.1574,1935338.701
1311,10/13/2023 1:35,967166.8988,1935338.409
1312,10/13/2023 1:35,967166.2521,1935338.399
1313,10/13/2023 1:35,967167.2526,1935338.647
1314,10/13/2023 1:35,967167.2526,1935338.647
1315,10/13/2023 1:35,967167.2526,1935338.647
1316,10/13/2023 1:35,967166.0536,1935338.289
1317,10/13/2023 1:35,967166.0536,1935338.289
1318,10/13/2023 1:35,967166.0536,1935338.289
1319,10/13/2023 1:35,967167.7382,1935338.442
1320,10/13/2023 1:35,967167.4932,1935338.759
1321,10/13/2023 1:35,967167.2238,1935337.933
1322,10/13/2023 1:35,967167.2238,1935337.933
1323,10/13/2023 1:35,967167.2238,1935337.933
1324,10/13/2023 1:35,967167.0225,1935338.298
1325,10/13/2023 1:35,967167.0225,1935338.298
1326,10/13/2023 1:35,967167.0225,1935338.298
1327,10/13/2023 1:35,967166.6875,1935338.042
1328,10/13/2023 1:35,967167.2009,1935338.566
1329,10/13/2023 1:35,967167.136,1935338.756
1330,10/13/2023 1:35,967167.136,1935338.756
1331,10/13/2023 1:35,967167.086,1935338.507
1332,10/13/2023 1:35,967167.9605,1935338.268
1333,10/13/2023 1:35,967167.9605,1935338.268
1334,10/13/2023 1:35,967166.4569,1935338.894
1335,10/13/2023 1:35,967166.9758,1935338.743
1336,10/13/2023 1:35,967166.9758,1935338.743
1337,10/13/2023 1:35,967167.943,1935338.347
1338,10/13/2023 1:35,967167.943,1935338.347
1339,10/13/2023 1:35,967167.527,1935338.043
1340,10/13/2023 1:35,967168.2165,1935338.801
1341,10/13/2023 1:35,967168.2165,1935338.801
1342,10/13/2023 1:35,967168.2165,1935338.801
1343,10/13/2023 1:35,967168.2165,1935338.801
1344,10/13/2023 1:35,967167.2208,1935338.847
1345,10/13/2023 1:35,967166.7408,1935338.369
1346,10/13/2023 1:35,967166.7408,1935338.369
1347,10/13/2023 1:35,967168.4089,1935338.161
1348,10/13/2023 1:35,967168.4089,1935338.161
1349,10/13/2023 1:35,967168.4089,1935338.161
1350,10/13/2023 1:35,967168.4089,1935338.161
1351,10/13/2023 1:35,967167.5765,1935338.918
1352,10/13/2023 1:35,967168.0063,1935338.814
1353,10/13/2023 1:35,967168.0063,1935338.814
1354,10/13/2023 1:35,967167.7553,1935337.45
1355,10/13/2023 1:35,967167.7553,1935337.45
1356,10/13/2023 1:35,967167.7553,1935337.45
1357,10/13/2023 1:35,967167.8929,1935339.052
1358,10/13/2023 1:35,967167.8929,1935339.052
1359,10/13/2023 1:35,967167.8929,1935339.052
1360,10/13/2023 1:35,967167.8929,1935339.052
1361,10/13/2023 1:35,967167.4373,1935338.326
1362,10/13/2023 1:35,967167.248,1935339.196
1363,10/13/2023 1:35,967167.248,1935339.196
1364,10/13/2023 1:35,967169.0921,1935338.355
1365,10/13/2023 1:35,967169.0921,1935338.355
1366,10/13/2023 1:35,967169.0921,1935338.355
1367,10/13/2023 1:35,967169.0921,1935338.355
1368,10/13/2023 1:35,967167.672,1935338.525
1369,10/13/2023 1:35,967167.672,1935338.525
1370,10/13/2023 1:35,967168.5938,1935338.701
1371,10/13/2023 1:35,967168.5938,1935338.701
1372,10/13/2023 1:35,967167.9235,1935338.566
1373,10/13/2023 1:35,967167.9235,1935338.566
1374,10/13/2023 1:35,967167.9235,1935338.566
1375,10/13/2023 1:35,967167.9235,1935338.566
1376,10/13/2023 1:35,967168.4597,1935340.222
1377,10/13/2023 1:35,967169.2683,1935338.931
1378,10/13/2023 1:35,967169.2683,1935338.931
1379,10/13/2023 1:35,967168.7331,1935338.941
1380,10/13/2023 1:35,967168.3395,1935338.931
1381,10/13/2023 1:35,967168.3395,1935338.931
1382,10/13/2023 1:35,967168.3395,1935338.931
1383,10/13/2023 1:35,967168.3395,1935338.931
1384,10/13/2023 1:35,967168.9696,1935339.048
1385,10/13/2023 1:35,967169.4635,1935339.129
1386,10/13/2023 1:35,967169.4635,1935339.129
1387,10/13/2023 1:35,967169.3507,1935338.164
1388,10/13/2023 1:35,967169.3507,1935338.164
1389,10/13/2023 1:35,967169.3507,1935338.164
1390,10/13/2023 1:35,967169.3507,1935338.164
1391,10/13/2023 1:35,967168.3731,1935338.856
1392,10/13/2023 1:35,967169.0434,1935338.277
1393,10/13/2023 1:35,967169.0434,1935338.277
1394,10/13/2023 1:35,967169.0434,1935338.277
1395,10/13/2023 1:35,967169.5539,1935338.902
1396,10/13/2023 1:35,967169.5539,1935338.902
1397,10/13/2023 1:35,967169.5539,1935338.902
1398,10/13/2023 1:35,967169.5539,1935338.902
1399,10/13/2023 1:35,967168.9936,1935339.348
1400,10/13/2023 1:35,967169.0184,1935338.185
1401,10/13/2023 1:35,967169.0184,1935338.185
1402,10/13/2023 1:35,967169.5947,1935338.17
1403,10/13/2023 1:35,967168.9501,1935338.952
1404,10/13/2023 1:35,967168.9501,1935338.952
1405,10/13/2023 1:35,967168.9501,1935338.952
1406,10/13/2023 1:35,967169.0718,1935338.763
1407,10/13/2023 1:35,967169.0718,1935338.763
1408,10/13/2023 1:35,967170.0482,1935339.453
1409,10/13/2023 1:35,967170.0482,1935339.453
1410,10/13/2023 1:35,967168.9973,1935339.025
1411,10/13/2023 1:35,967168.9973,1935339.025
1412,10/13/2023 1:35,967168.9973,1935339.025
1413,10/13/2023 1:35,967168.9973,1935339.025
1414,10/13/2023 1:35,967169.6923,1935338.572
1415,10/13/2023 1:35,967169.5781,1935339.381
1416,10/13/2023 1:35,967169.5781,1935339.381
1417,10/13/2023 1:35,967169.0075,1935339.326
1418,10/13/2023 1:35,967169.9529,1935338.101
1419,10/13/2023 1:35,967169.9529,1935338.101
1420,10/13/2023 1:35,967169.9529,1935338.101
1421,10/13/2023 1:35,967169.9529,1935338.101
1422,10/13/2023 1:35,967169.2417,1935339.458
1423,10/13/2023 1:35,967169.9794,1935338.036
1424,10/13/2023 1:35,967169.9331,1935338.553
1425,10/13/2023 1:35,967169.9331,1935338.553
1426,10/13/2023 1:35,967169.6475,1935338.198
1427,10/13/2023 1:35,967170.0225,1935338.456
1428,10/13/2023 1:35,967170.0225,1935338.456
1429,10/13/2023 1:35,967169.4047,1935338.796
1430,10/13/2023 1:35,967170.1445,1935339.025
1431,10/13/2023 1:35,967170.1445,1935339.025
1432,10/13/2023 1:35,967170.1663,1935339.334
1433,10/13/2023 1:35,967170.1663,1935339.334
1434,10/13/2023 1:35,967170.3053,1935338.683
1435,10/13/2023 1:35,967169.5418,1935339.021
1436,10/13/2023 1:35,967169.5418,1935339.021
1437,10/13/2023 1:35,967169.5418,1935339.021
1438,10/13/2023 1:35,967169.5418,1935339.021
1439,10/13/2023 1:35,967170.3135,1935338.363
1440,10/13/2023 1:35,967168.668,1935338.591
1441,10/13/2023 1:35,967168.668,1935338.591
1442,10/13/2023 1:35,967170.1365,1935339.069
1443,10/13/2023 1:35,967170.572,1935338.832
1444,10/13/2023 1:35,967170.572,1935338.832
1445,10/13/2023 1:35,967170.572,1935338.832
1446,10/13/2023 1:35,967169.7735,1935339.265
1447,10/13/2023 1:35,967169.7735,1935339.265
1448,10/13/2023 1:35,967170.0087,1935338.135
1449,10/13/2023 1:35,967170.0087,1935338.135
1450,10/13/2023 1:35,967170.9428,1935338.227
1451,10/13/2023 1:35,967170.9428,1935338.227
1452,10/13/2023 1:35,967170.9428,1935338.227
1453,10/13/2023 1:35,967170.9428,1935338.227
1454,10/13/2023 1:35,967170.1921,1935338.603
1455,10/13/2023 1:35,967171.1603,1935339.481
1456,10/13/2023 1:35,967171.1603,1935339.481
1457,10/13/2023 1:35,967170.119,1935338.562
1458,10/13/2023 1:35,967170.3471,1935339.025
1459,10/13/2023 1:35,967170.3471,1935339.025
1460,10/13/2023 1:35,967170.3471,1935339.025
1461,10/13/2023 1:35,967170.2572,1935338.106
1462,10/13/2023 1:35,967170.2572,1935338.106
1463,10/13/2023 1:35,967170.3861,1935338.616
1464,10/13/2023 1:35,967170.3861,1935338.616
1465,10/13/2023 1:35,967170.4909,1935338.538
1466,10/13/2023 1:35,967170.4909,1935338.538
1467,10/13/2023 1:35,967170.4909,1935338.538
1468,10/13/2023 1:35,967170.4909,1935338.538
1469,10/13/2023 1:35,967170.2195,1935337.811
1470,10/13/2023 1:35,967170.4466,1935339.103
1471,10/13/2023 1:35,967170.4466,1935339.103
1472,10/13/2023 1:35,967171.9125,1935338.674
1473,10/13/2023 1:35,967171.3453,1935338.651
1474,10/13/2023 1:35,967171.3453,1935338.651
1475,10/13/2023 1:35,967171.3453,1935338.651
1476,10/13/2023 1:35,967170.915,1935338.77
1477,10/13/2023 1:35,967170.915,1935338.77
1478,10/13/2023 1:35,967170.4064,1935338.304
1479,10/13/2023 1:35,967170.4064,1935338.304
1480,10/13/2023 1:35,967171.2061,1935339.575
1481,10/13/2023 1:35,967171.2061,1935339.575
1482,10/13/2023 1:35,967171.2061,1935339.575
1483,10/13/2023 1:35,967171.2061,1935339.575
1484,10/13/2023 1:35,967171.6967,1935338.612
1485,10/13/2023 1:35,967171.6906,1935338.243
1486,10/13/2023 1:35,967171.6906,1935338.243
1487,10/13/2023 1:35,967171.1223,1935338.23
1488,10/13/2023 1:35,967171.1223,1935338.23
1489,10/13/2023 1:35,967172.0338,1935338.529
1490,10/13/2023 1:35,967172.0338,1935338.529
1491,10/13/2023 1:35,967171.6841,1935338.401
1492,10/13/2023 1:35,967171.6841,1935338.401
1493,10/13/2023 1:35,967170.9629,1935338.494
1494,10/13/2023 1:35,967171.2968,1935338.832
1495,10/13/2023 1:35,967171.2968,1935338.832
1496,10/13/2023 1:35,967171.9251,1935339.216
1497,10/13/2023 1:35,967171.9251,1935339.216
1498,10/13/2023 1:35,967171.9251,1935339.216
1499,10/13/2023 1:35,967172.145,1935339.43
1500,10/13/2023 1:35,967172.2819,1935338.21
1501,10/13/2023 1:35,967172.2819,1935338.21
1502,10/13/2023 1:35,967171.4171,1935339.244
1503,10/13/2023 1:35,967171.4171,1935339.244
1504,10/13/2023 1:35,967172.4206,1935340.107
1505,10/13/2023 1:35,967172.4206,1935340.107
1506,10/13/2023 1:35,967172.0461,1935340.191
1507,10/13/2023 1:35,967172.0461,1935340.191
1508,10/13/2023 1:35,967171.9571,1935338.396
1509,10/13/2023 1:35,967172.3265,1935338.773
1510,10/13/2023 1:35,967172.3265,1935338.773
1511,10/13/2023 1:35,967172.3265,1935338.773
1512,10/13/2023 1:35,967172.3665,1935338.441
1513,10/13/2023 1:35,967172.3665,1935338.441
1514,10/13/2023 1:35,967172.3665,1935338.441
1515,10/13/2023 1:35,967172.3665,1935338.441
1516,10/13/2023 1:35,967171.6362,1935339.117
1517,10/13/2023 1:35,967172.4837,1935339.574
1518,10/13/2023 1:35,967172.4837,1935339.574
1519,10/13/2023 1:35,967172.3681,1935338.835
1520,10/13/2023 1:35,967172.575,1935338.179
1521,10/13/2023 1:35,967172.575,1935338.179
1522,10/13/2023 1:35,967172.575,1935338.179
1523,10/13/2023 1:35,967172.9138,1935338.677
1524,10/13/2023 1:35,967172.0327,1935338.96
1525,10/13/2023 1:35,967172.0327,1935338.96
1526,10/13/2023 1:35,967172.0327,1935338.96
1527,10/13/2023 1:35,967172.2868,1935338.937
1528,10/13/2023 1:35,967172.2868,1935338.937
1529,10/13/2023 1:35,967172.2868,1935338.937
1530,10/13/2023 1:35,967172.5008,1935339.363
1531,10/13/2023 1:35,967172.1814,1935338.442
1532,10/13/2023 1:35,967172.9896,1935338.516
1533,10/13/2023 1:35,967172.9896,1935338.516
1534,10/13/2023 1:35,967172.77,1935339.364
1535,10/13/2023 1:35,967172.77,1935339.364
1536,10/13/2023 1:35,967172.77,1935339.364
1537,10/13/2023 1:35,967173.307,1935337.969
1538,10/13/2023 1:35,967172.2462,1935339.566
1539,10/13/2023 1:35,967173.2937,1935338.921
1540,10/13/2023 1:35,967173.2937,1935338.921
1541,10/13/2023 1:35,967173.0702,1935338.531
1542,10/13/2023 1:35,967173.0702,1935338.531
1543,10/13/2023 1:35,967172.9099,1935338.366
1544,10/13/2023 1:35,967172.9099,1935338.366
1545,10/13/2023 1:35,967172.9099,1935338.366
1546,10/13/2023 1:35,967172.7764,1935339.339
1547,10/13/2023 1:35,967173.5907,1935339.067
1548,10/13/2023 1:35,967172.4219,1935339.093
1549,10/13/2023 1:35,967172.4219,1935339.093
1550,10/13/2023 1:35,967173.6546,1935339.044
1551,10/13/2023 1:35,967173.6546,1935339.044
1552,10/13/2023 1:35,967173.6546,1935339.044
1553,10/13/2023 1:35,967173.2084,1935339.078
1554,10/13/2023 1:35,967172.8575,1935338.714
1555,10/13/2023 1:35,967173.0147,1935339.374
1556,10/13/2023 1:35,967173.0147,1935339.374
1557,10/13/2023 1:35,967174.0106,1935338.771
1558,10/13/2023 1:35,967173.6012,1935339.019
1559,10/13/2023 1:35,967173.6012,1935339.019
1560,10/13/2023 1:35,967173.6012,1935339.019
1561,10/13/2023 1:35,967174.0633,1935337.938
1562,10/13/2023 1:35,967174.1032,1935338.7
1563,10/13/2023 1:35,967174.1032,1935338.7
1564,10/13/2023 1:35,967173.0063,1935339.225
1565,10/13/2023 1:35,967173.0063,1935339.225
1566,10/13/2023 1:35,967173.5999,1935339.377
1567,10/13/2023 1:35,967173.5999,1935339.377
1568,10/13/2023 1:35,967173.5999,1935339.377
1569,10/13/2023 1:35,967174.1004,1935339.595
1570,10/13/2023 1:35,967173.9767,1935339.18
1571,10/13/2023 1:35,967173.6973,1935338.781
1572,10/13/2023 1:35,967173.2347,1935338.823
1573,10/13/2023 1:35,967173.2347,1935338.823
1574,10/13/2023 1:35,967173.1238,1935339.068
1575,10/13/2023 1:35,967173.3437,1935339.177
1576,10/13/2023 1:35,967173.3437,1935339.177
1577,10/13/2023 1:35,967173.672,1935338.196
1578,10/13/2023 1:35,967174.6341,1935338.874
1579,10/13/2023 1:35,967173.5843,1935339.518
1580,10/13/2023 1:35,967173.5843,1935339.518
1581,10/13/2023 1:35,967173.5843,1935339.518
1582,10/13/2023 1:35,967173.5843,1935339.518
1583,10/13/2023 1:35,967173.5843,1935339.518
1584,10/13/2023 1:35,967174.4521,1935338.423
1585,10/13/2023 1:35,967174.063,1935338.479
1586,10/13/2023 1:35,967174.063,1935338.479
1587,10/13/2023 1:35,967174.063,1935338.479
1588,10/13/2023 1:35,967173.56,1935338.849
1589,10/13/2023 1:35,967173.56,1935338.849
1590,10/13/2023 1:35,967174.7171,1935338.158
1591,10/13/2023 1:35,967174.3936,1935338.889
1592,10/13/2023 1:35,967174.3936,1935338.889
1593,10/13/2023 1:35,967174.3936,1935338.889
1594,10/13/2023 1:35,967174.6883,1935338.967
1595,10/13/2023 1:35,967174.6883,1935338.967
1596,10/13/2023 1:35,967174.0127,1935339.27
1597,10/13/2023 1:35,967174.0127,1935339.27
1598,10/13/2023 1:35,967173.5827,1935338.941
1599,10/13/2023 1:35,967173.5827,1935338.941
1600,10/13/2023 1:35,967173.5827,1935338.941
1601,10/13/2023 1:35,967173.5827,1935338.941
1602,10/13/2023 1:35,967174.7218,1935339.298
1603,10/13/2023 1:35,967174.702,1935339.853
1604,10/13/2023 1:35,967174.3192,1935338.781
1605,10/13/2023 1:35,967174.3192,1935338.781
1606,10/13/2023 1:35,967175.0131,1935338.231
1607,10/13/2023 1:35,967173.7677,1935338.76
1608,10/13/2023 1:35,967173.7677,1935338.76
1609,10/13/2023 1:35,967174.8732,1935339.212
1610,10/13/2023 1:35,967174.2998,1935337.497
1611,10/13/2023 1:35,967174.2998,1935337.497
1612,10/13/2023 1:35,967174.812,1935338.746
1613,10/13/2023 1:35,967174.812,1935338.746
1614,10/13/2023 1:35,967175.3496,1935338.661
1615,10/13/2023 1:35,967175.3496,1935338.661
1616,10/13/2023 1:35,967175.3496,1935338.661
1617,10/13/2023 1:35,967175.3139,1935338.912
1618,10/13/2023 1:35,967174.3974,1935338.729
1619,10/13/2023 1:35,967175.7789,1935338.484
1620,10/13/2023 1:35,967175.7789,1935338.484
1621,10/13/2023 1:35,967174.0906,1935338.618
1622,10/13/2023 1:35,967175.2786,1935339.341
1623,10/13/2023 1:35,967175.2786,1935339.341
1624,10/13/2023 1:35,967174.3288,1935338.667
1625,10/13/2023 1:35,967176.5645,1935338.244
1626,10/13/2023 1:35,967176.5645,1935338.244
1627,10/13/2023 1:35,967174.9189,1935339.477
1628,10/13/2023 1:35,967174.9189,1935339.477
1629,10/13/2023 1:35,967175.7632,1935338.636
1630,10/13/2023 1:35,967175.7632,1935338.636
1631,10/13/2023 1:35,967175.7632,1935338.636
1632,10/13/2023 1:35,967175.9397,1935338.804
1633,10/13/2023 1:35,967174.714,1935339.747
1634,10/13/2023 1:35,967174.2465,1935338.556
1635,10/13/2023 1:35,967175.3347,1935338.545
1636,10/13/2023 1:35,967175.3347,1935338.545
1637,10/13/2023 1:35,967174.781,1935339.176
1638,10/13/2023 1:35,967174.4098,1935339.122
1639,10/13/2023 1:35,967174.4098,1935339.122
1640,10/13/2023 1:35,967175.1186,1935338.833
1641,10/13/2023 1:35,967175.4132,1935338.733
1642,10/13/2023 1:35,967175.4132,1935338.733
1643,10/13/2023 1:35,967174.9609,1935338.486
1644,10/13/2023 1:35,967174.7121,1935339.816
1645,10/13/2023 1:35,967174.7121,1935339.816
1646,10/13/2023 1:35,967176.0903,1935338.951
1647,10/13/2023 1:35,967176.0903,1935338.951
1648,10/13/2023 1:35,967176.0903,1935338.951
1649,10/13/2023 1:35,967174.321,1935340.114
1650,10/13/2023 1:35,967175.02,1935338.346
1651,10/13/2023 1:35,967175.8164,1935339.298
1652,10/13/2023 1:35,967175.8164,1935339.298
1653,10/13/2023 1:35,967175.6376,1935338.278
1654,10/13/2023 1:35,967176.2877,1935339.08
1655,10/13/2023 1:35,967176.2877,1935339.08
1656,10/13/2023 1:35,967175.8612,1935337.885
1657,10/13/2023 1:35,967175.8612,1935337.885
1658,10/13/2023 1:35,967175.5419,1935339.106
1659,10/13/2023 1:35,967176.3282,1935339.276
1660,10/13/2023 1:35,967177.066,1935339.113
1661,10/13/2023 1:35,967177.066,1935339.113
1662,10/13/2023 1:35,967176.4953,1935338.797
1663,10/13/2023 1:35,967177.0161,1935339.149
1664,10/13/2023 1:35,967177.0161,1935339.149
1665,10/13/2023 1:35,967176.289,1935338.287
1666,10/13/2023 1:35,967176.4262,1935338.569
1667,10/13/2023 1:35,967176.4262,1935338.569
1668,10/13/2023 1:35,967176.7742,1935337.355
1669,10/13/2023 1:35,967176.1103,1935338.014
1670,10/13/2023 1:35,967176.1103,1935338.014
1671,10/13/2023 1:35,967175.9059,1935338.666
1672,10/13/2023 1:35,967175.9059,1935338.666
1673,10/13/2023 1:35,967175.9059,1935338.666
1674,10/13/2023 1:35,967176.4404,1935338.834
1675,10/13/2023 1:35,967176.2632,1935339.187
1676,10/13/2023 1:35,967177.2213,1935339.578
1677,10/13/2023 1:35,967176.5531,1935339.314
1678,10/13/2023 1:35,967176.5531,1935339.314
1679,10/13/2023 1:35,967176.5531,1935339.314
1680,10/13/2023 1:35,967176.6442,1935338.96
1681,10/13/2023 1:35,967176.1854,1935338.931
1682,10/13/2023 1:35,967177.0271,1935339.346
1683,10/13/2023 1:35,967177.9671,1935339.067
1684,10/13/2023 1:35,967177.9671,1935339.067
1685,10/13/2023 1:35,967176.4445,1935338.53
1686,10/13/2023 1:35,967176.4445,1935338.53
1687,10/13/2023 1:35,967176.2757,1935339.498
1688,10/13/2023 1:35,967176.2757,1935339.498
1689,10/13/2023 1:35,967176.2757,1935339.498
1690,10/13/2023 1:35,967176.508,1935339.704
1691,10/13/2023 1:35,967176.9424,1935339.606
1692,10/13/2023 1:35,967177.1172,1935339.742
1693,10/13/2023 1:35,967177.308,1935338.126
1694,10/13/2023 1:35,967177.308,1935338.126
1695,10/13/2023 1:35,967177.308,1935338.126
1696,10/13/2023 1:35,967176.7695,1935337.964
1697,10/13/2023 1:35,967178.0015,1935339.169
1698,10/13/2023 1:35,967177.2225,1935338.758
1699,10/13/2023 1:35,967177.2376,1935338.733
1700,10/13/2023 1:35,967177.2376,1935338.733
1701,10/13/2023 1:35,967177.305,1935339.978
1702,10/13/2023 1:35,967177.305,1935339.978
1703,10/13/2023 1:35,967177.1994,1935339.403
1704,10/13/2023 1:35,967177.2541,1935337.917
1705,10/13/2023 1:35,967176.9492,1935339.213
1706,10/13/2023 1:35,967176.9492,1935339.213
1707,10/13/2023 1:35,967177.3282,1935338.558
1708,10/13/2023 1:35,967177.2435,1935338.727
1709,10/13/2023 1:35,967177.2435,1935338.727
1710,10/13/2023 1:35,967177.2435,1935338.727
1711,10/13/2023 1:35,967178.2564,1935339.04
1712,10/13/2023 1:35,967177.2212,1935338.111
1713,10/13/2023 1:35,967177.2212,1935338.111
1714,10/13/2023 1:35,967177.2212,1935338.111
1715,10/13/2023 1:35,967177.5908,1935339.195
1716,10/13/2023 1:35,967177.3353,1935338.879
1717,10/13/2023 1:35,967177.3353,1935338.879
1718,10/13/2023 1:35,967178.7145,1935339.373
1719,10/13/2023 1:35,967178.7145,1935339.373
1720,10/13/2023 1:35,967178.2501,1935339.725
1721,10/13/2023 1:35,967178.2501,1935339.725
1722,10/13/2023 1:35,967178.2501,1935339.725
1723,10/13/2023 1:35,967177.8526,1935338.523
1724,10/13/2023 1:35,967178.41,1935338.762
1725,10/13/2023 1:35,967177.8649,1935338.978
1726,10/13/2023 1:35,967177.8649,1935338.978
1727,10/13/2023 1:35,967177.049,1935338.88
1728,10/13/2023 1:35,967178.2708,1935338.858
1729,10/13/2023 1:35,967178.2708,1935338.858
1730,10/13/2023 1:35,967177.8249,1935339.37
1731,10/13/2023 1:35,967177.1404,1935339.525
1732,10/13/2023 1:35,967177.1404,1935339.525
1733,10/13/2023 1:35,967178.8275,1935339.605
1734,10/13/2023 1:35,967178.8275,1935339.605
1735,10/13/2023 1:35,967179.1089,1935338.946
1736,10/13/2023 1:35,967179.1089,1935338.946
1737,10/13/2023 1:35,967179.1089,1935338.946
1738,10/13/2023 1:35,967179.1089,1935338.946
1739,10/13/2023 1:35,967177.5786,1935339.722
1740,10/13/2023 1:35,967178.7267,1935338.737
1741,10/13/2023 1:35,967178.7267,1935338.737
1742,10/13/2023 1:35,967177.8482,1935338.903
1743,10/13/2023 1:35,967177.8482,1935338.903
1744,10/13/2023 1:35,967177.8482,1935338.903
1745,10/13/2023 1:35,967178.5485,1935339.767
1746,10/13/2023 1:35,967177.9966,1935338.449
1747,10/13/2023 1:35,967178.574,1935339.271
1748,10/13/2023 1:35,967178.574,1935339.271
1749,10/13/2023 1:35,967178.1508,1935339.092
1750,10/13/2023 1:35,967179.0248,1935338.714
1751,10/13/2023 1:35,967179.0248,1935338.714
1752,10/13/2023 1:35,967179.0248,1935338.714
1753,10/13/2023 1:35,967179.0248,1935338.714
1754,10/13/2023 1:35,967178.7233,1935339.323
1755,10/13/2023 1:35,967178.8296,1935338.328
1756,10/13/2023 1:35,967178.8296,1935338.328
1757,10/13/2023 1:35,967179.503,1935338.543
1758,10/13/2023 1:35,967179.503,1935338.543
1759,10/13/2023 1:35,967178.954,1935338.893
1760,10/13/2023 1:35,967178.954,1935338.893
1761,10/13/2023 1:35,967179.0333,1935338.732
1762,10/13/2023 1:35,967178.7529,1935339.744
1763,10/13/2023 1:35,967178.3729,1935338.01
1764,10/13/2023 1:35,967178.3729,1935338.01
1765,10/13/2023 1:35,967179.0864,1935339.5
1766,10/13/2023 1:35,967178.7647,1935339.17
1767,10/13/2023 1:35,967178.7647,1935339.17
1768,10/13/2023 1:35,967178.7242,1935339.298
1769,10/13/2023 1:35,967178.7815,1935339.675
1770,10/13/2023 1:35,967179.4444,1935339.097
1771,10/13/2023 1:35,967179.4444,1935339.097
1772,10/13/2023 1:35,967180.0442,1935338.942
1773,10/13/2023 1:35,967178.9018,1935339.312
1774,10/13/2023 1:35,967178.9018,1935339.312
1775,10/13/2023 1:35,967179.1512,1935338.954
1776,10/13/2023 1:35,967179.1904,1935339.325
1777,10/13/2023 1:35,967179.1904,1935339.325
1778,10/13/2023 1:35,967178.7702,1935339.893
1779,10/13/2023 1:35,967178.7702,1935339.893
1780,10/13/2023 1:35,967179.372,1935339.211
1781,10/13/2023 1:35,967179.372,1935339.211
1782,10/13/2023 1:35,967179.372,1935339.211
1783,10/13/2023 1:35,967179.6624,1935338.777
1784,10/13/2023 1:35,967179.2229,1935338.615
1785,10/13/2023 1:35,967178.9345,1935339.676
1786,10/13/2023 1:35,967178.9345,1935339.676
1787,10/13/2023 1:35,967179.604,1935339.052
1788,10/13/2023 1:35,967179.604,1935339.052
1789,10/13/2023 1:35,967179.604,1935339.052
1790,10/13/2023 1:35,967180.0562,1935338.732
1791,10/13/2023 1:35,967179.5003,1935338.737
1792,10/13/2023 1:35,967179.4896,1935339.611
1793,10/13/2023 1:35,967179.3443,1935338.617
1794,10/13/2023 1:35,967179.3443,1935338.617
1795,10/13/2023 1:35,967180.3517,1935338.861
1796,10/13/2023 1:35,967179.4821,1935339.269
1797,10/13/2023 1:35,967179.4821,1935339.269
1798,10/13/2023 1:35,967179.8137,1935338.462
1799,10/13/2023 1:35,967180.8077,1935339.193
1800,10/13/2023 1:35,967180.8077,1935339.193
1801,10/13/2023 1:35,967178.7184,1935339.857
1802,10/13/2023 1:35,967179.6291,1935338.768
1803,10/13/2023 1:35,967179.6291,1935338.768
1804,10/13/2023 1:35,967179.6291,1935338.768
1805,10/13/2023 1:35,967179.6291,1935338.768
1806,10/13/2023 1:35,967179.6291,1935338.768
1807,10/13/2023 1:35,967179.6291,1935338.768
1808,10/13/2023 1:35,967179.9789,1935338.749
1809,10/13/2023 1:35,967179.9789,1935338.749
1810,10/13/2023 1:35,967179.9789,1935338.749
1811,10/13/2023 1:35,967179.9789,1935338.749
1812,10/13/2023 1:35,967181.2842,1935338.884
1813,10/13/2023 1:35,967181.2842,1935338.884
1814,10/13/2023 1:35,967181.1148,1935338.967
1815,10/13/2023 1:35,967181.1148,1935338.967
1816,10/13/2023 1:35,967181.1148,1935338.967
1817,10/13/2023 1:35,967181.1148,1935338.967
1818,10/13/2023 1:35,967180.1161,1935338.907
1819,10/13/2023 1:35,967179.1428,1935339.213
1820,10/13/2023 1:35,967179.1428,1935339.213
1821,10/13/2023 1:35,967180.0075,1935338.61
1822,10/13/2023 1:35,967180.0075,1935338.61
1823,10/13/2023 1:35,967180.0075,1935338.61
1824,10/13/2023 1:35,967180.0477,1935338.611
1825,10/13/2023 1:35,967180.0878,1935338.613
1826,10/13/2023 1:35,967180.128,1935338.614
1827,10/13/2023 1:35,967180.1682,1935338.616
1828,10/13/2023 1:35,967180.1682,1935338.616
1829,10/13/2023 1:35,967180.2083,1935338.618
1830,10/13/2023 1:35,967180.2485,1935338.619
1831,10/13/2023 1:35,967180.2485,1935338.619
1832,10/13/2023 1:35,967180.2887,1935338.621
1833,10/13/2023 1:35,967180.3289,1935338.622
1834,10/13/2023 1:35,967180.369,1935338.624
1835,10/13/2023 1:35,967180.369,1935338.624
1836,10/13/2023 1:35,967180.4092,1935338.625
1837,10/13/2023 1:35,967180.4092,1935338.625
1838,10/13/2023 1:35,967180.4895,1935338.629
1839,10/13/2023 1:35,967180.4895,1935338.629
1840,10/13/2023 1:35,967180.5297,1935338.63
1841,10/13/2023 1:35,967180.5297,1935338.63
1842,10/13/2023 1:35,967180.5699,1935338.632
1843,10/13/2023 1:35,967180.61,1935338.633
1844,10/13/2023 1:35,967180.61,1935338.633
1845,10/13/2023 1:35,967180.6904,1935338.637
1846,10/13/2023 1:35,967180.6904,1935338.637
1847,10/13/2023 1:35,967180.7306,1935338.638
1848,10/13/2023 1:35,967180.7306,1935338.638
1849,10/13/2023 1:35,967180.7707,1935338.64
1850,10/13/2023 1:35,967180.8109,1935338.641
1851,10/13/2023 1:35,967180.8511,1935338.643
1852,10/13/2023 1:35,967180.8511,1935338.643
1853,10/13/2023 1:35,967180.9314,1935338.646
1854,10/13/2023 1:35,967180.9314,1935338.646
1855,10/13/2023 1:35,967180.9314,1935338.646
1856,10/13/2023 1:35,967180.9716,1935338.648
1857,10/13/2023 1:35,967181.0117,1935338.649
1858,10/13/2023 1:35,967181.0519,1935338.651
1859,10/13/2023 1:35,967181.0519,1935338.651
1860,10/13/2023 1:35,967181.0519,1935338.651
1861,10/13/2023 1:35,967181.1323,1935338.654
1862,10/13/2023 1:35,967181.1323,1935338.654
1863,10/13/2023 1:35,967181.1724,1935338.656
1864,10/13/2023 1:35,967181.2126,1935338.657
1865,10/13/2023 1:35,967181.2528,1935338.659
1866,10/13/2023 1:35,967181.2528,1935338.659
1867,10/13/2023 1:35,967181.2528,1935338.659
1868,10/13/2023 1:35,967181.2929,1935338.66
1869,10/13/2023 1:35,967181.3733,1935338.663
1870,10/13/2023 1:35,967181.3733,1935338.663
1871,10/13/2023 1:35,967181.3733,1935338.663
1872,10/13/2023 1:35,967181.4536,1935338.667
1873,10/13/2023 1:35,967181.4536,1935338.667
1874,10/13/2023 1:35,967181.4536,1935338.667
1875,10/13/2023 1:35,967181.4935,1935338.668
1876,10/13/2023 1:35,967181.5731,1935338.67
1877,10/13/2023 1:35,967181.5731,1935338.67
1878,10/13/2023 1:35,967181.5731,1935338.67
1879,10/13/2023 1:35,967181.5731,1935338.67
1880,10/13/2023 1:35,967181.6521,1935338.671
1881,10/13/2023 1:35,967181.6917,1935338.671
1882,10/13/2023 1:35,967181.6917,1935338.671
1883,10/13/2023 1:35,967181.7314,1935338.671
1884,10/13/2023 1:35,967181.7314,1935338.671
1885,10/13/2023 1:35,967181.8109,1935338.673
1886,10/13/2023 1:35,967181.8109,1935338.673
1887,10/13/2023 1:35,967181.8508,1935338.674
1888,10/13/2023 1:35,967181.8908,1935338.675
1889,10/13/2023 1:35,967181.8908,1935338.675
1890,10/13/2023 1:35,967181.9308,1935338.676
1891,10/13/2023 1:35,967181.9308,1935338.676
1892,10/13/2023 1:35,967182.0109,1935338.678
1893,10/13/2023 1:35,967182.0109,1935338.678
1894,10/13/2023 1:35,967182.0512,1935338.679
1895,10/13/2023 1:35,967182.0914,1935338.679
1896,10/13/2023 1:35,967182.0914,1935338.679
1897,10/13/2023 1:35,967182.1317,1935338.68
1898,10/13/2023 1:35,967182.1317,1935338.68
1899,10/13/2023 1:35,967182.2122,1935338.682
1900,10/13/2023 1:35,967182.2122,1935338.682
1901,10/13/2023 1:35,967182.2526,1935338.683
1902,10/13/2023 1:35,967182.2526,1935338.683
1903,10/13/2023 1:35,967182.2929,1935338.684
1904,10/13/2023 1:35,967182.3332,1935338.685
1905,10/13/2023 1:35,967182.3332,1935338.685
1906,10/13/2023 1:35,967182.3332,1935338.685
1907,10/13/2023 1:35,967182.454,1935338.687
1908,10/13/2023 1:35,967182.454,1935338.687
1909,10/13/2023 1:35,967182.454,1935338.687
1910,10/13/2023 1:35,967182.4943,1935338.688
1911,10/13/2023 1:35,967182.5345,1935338.689
1912,10/13/2023 1:35,967182.5345,1935338.689
1913,10/13/2023 1:35,967182.5747,1935338.69
1914,10/13/2023 1:35,967182.5747,1935338.69
1915,10/13/2023 1:35,967182.6149,1935338.691
1916,10/13/2023 1:35,967182.6551,1935338.692
1917,10/13/2023 1:35,967182.6551,1935338.692
1918,10/13/2023 1:35,967182.6551,1935338.692
1919,10/13/2023 1:35,967182.7354,1935338.694
1920,10/13/2023 1:35,967182.7354,1935338.694
1921,10/13/2023 1:35,967182.7354,1935338.694
1922,10/13/2023 1:35,967182.8157,1935338.696
1923,10/13/2023 1:35,967182.8559,1935338.696
1924,10/13/2023 1:35,967182.8559,1935338.696
1925,10/13/2023 1:35,967182.8559,1935338.696
1926,10/13/2023 1:35,967182.9362,1935338.698
1927,10/13/2023 1:35,967182.9362,1935338.698
1928,10/13/2023 1:35,967182.9764,1935338.699
1929,10/13/2023 1:35,967183.0165,1935338.7
1930,10/13/2023 1:35,967183.0165,1935338.7
1931,10/13/2023 1:35,967183.0969,1935338.702
1932,10/13/2023 1:35,967183.0969,1935338.702
1933,10/13/2023 1:35,967183.137,1935338.703
1934,10/13/2023 1:35,967183.137,1935338.703
1935,10/13/2023 1:35,967183.1772,1935338.704
1936,10/13/2023 1:35,967183.2174,1935338.704
1937,10/13/2023 1:35,967183.2576,1935338.705
1938,10/13/2023 1:35,967183.2576,1935338.705
1939,10/13/2023 1:35,967183.338,1935338.707
1940,10/13/2023 1:35,967183.338,1935338.707
1941,10/13/2023 1:35,967183.338,1935338.707
1942,10/13/2023 1:35,967183.3782,1935338.708
1943,10/13/2023 1:35,967183.4184,1935338.709
1944,10/13/2023 1:35,967183.4586,1935338.71
1945,10/13/2023 1:35,967183.4586,1935338.71
1946,10/13/2023 1:35,967183.539,1935338.712
1947,10/13/2023 1:35,967183.539,1935338.712
1948,10/13/2023 1:35,967183.539,1935338.712
1949,10/13/2023 1:35,967183.5792,1935338.713
1950,10/13/2023 1:35,967183.6194,1935338.713
1951,10/13/2023 1:35,967183.6596,1935338.714
1952,10/13/2023 1:35,967183.6998,1935338.715
1953,10/13/2023 1:35,967183.6998,1935338.715
1954,10/13/2023 1:35,967183.6998,1935338.715
1955,10/13/2023 1:35,967183.7802,1935338.717
1956,10/13/2023 1:35,967183.7802,1935338.717
1957,10/13/2023 1:35,967183.8204,1935338.718
1958,10/13/2023 1:35,967183.8204,1935338.718
1959,10/13/2023 1:35,967183.8605,1935338.719
1960,10/13/2023 1:35,967183.9007,1935338.72
1961,10/13/2023 1:35,967183.9409,1935338.721
1962,10/13/2023 1:35,967183.9409,1935338.721
1963,10/13/2023 1:35,967184.0213,1935338.722
1964,10/13/2023 1:35,967184.0213,1935338.722
1965,10/13/2023 1:35,967184.0213,1935338.722
1966,10/13/2023 1:35,967184.0213,1935338.722
1967,10/13/2023 1:35,967184.1017,1935338.724
1968,10/13/2023 1:35,967184.1017,1935338.724
1969,10/13/2023 1:35,967184.1821,1935338.726
1970,10/13/2023 1:35,967184.1821,1935338.726
1971,10/13/2023 1:35,967184.2624,1935338.728
1972,10/13/2023 1:35,967184.2624,1935338.728
1973,10/13/2023 1:35,967184.2624,1935338.728
1974,10/13/2023 1:35,967184.3026,1935338.729
1975,10/13/2023 1:35,967184.3026,1935338.729
1976,10/13/2023 1:35,967184.383,1935338.73
1977,10/13/2023 1:35,967184.383,1935338.73
1978,10/13/2023 1:35,967184.383,1935338.73
1979,10/13/2023 1:35,967184.4232,1935338.731
1980,10/13/2023 1:35,967184.5036,1935338.733
1981,10/13/2023 1:35,967184.5036,1935338.733
1982,10/13/2023 1:35,967184.5438,1935338.734
1983,10/13/2023 1:35,967184.5839,1935338.735
1984,10/13/2023 1:35,967184.5839,1935338.735
1985,10/13/2023 1:35,967184.5839,1935338.735
1986,10/13/2023 1:35,967184.6241,1935338.736
1987,10/13/2023 1:35,967184.7045,1935338.738
1988,10/13/2023 1:35,967184.7045,1935338.738
1989,10/13/2023 1:35,967184.7447,1935338.738
1990,10/13/2023 1:35,967184.7849,1935338.739
1991,10/13/2023 1:35,967184.7849,1935338.739
1992,10/13/2023 1:35,967184.7849,1935338.739
1993,10/13/2023 1:35,967184.8251,1935338.74
1994,10/13/2023 1:35,967184.9055,1935338.742
1995,10/13/2023 1:35,967184.9055,1935338.742
1996,10/13/2023 1:35,967184.9457,1935338.743
1997,10/13/2023 1:35,967184.9858,1935338.744
1998,10/13/2023 1:35,967184.9858,1935338.744
1999,10/13/2023 1:35,967184.9858,1935338.744
2000,10/13/2023 1:35,967185.026,1935338.745
2001,10/13/2023 1:35,967185.026,1935338.745
2002,10/13/2023 1:35,967185.1064,1935338.747
2003,10/13/2023 1:35,967185.1064,1935338.747
2004,10/13/2023 1:35,967185.1868,1935338.748
2005,10/13/2023 1:35,967185.1868,1935338.748
2006,10/13/2023 1:35,967185.1868,1935338.748
2007,10/13/2023 1:35,967185.227,1935338.749
2008,10/13/2023 1:35,967185.2672,1935338.75
2009,10/13/2023 1:35,967185.3074,1935338.751
2010,10/13/2023 1:35,967185.3074,1935338.751
2011,10/13/2023 1:35,967185.3877,1935338.753
2012,10/13/2023 1:35,967185.4279,1935338.754
2013,10/13/2023 1:35,967185.4279,1935338.754
2014,10/13/2023 1:35,967185.4279,1935338.754
2015,10/13/2023 1:35,967185.4681,1935338.755
2016,10/13/2023 1:35,967185.4681,1935338.755
2017,10/13/2023 1:35,967185.5485,1935338.756
2018,10/13/2023 1:35,967185.5485,1935338.756
2019,10/13/2023 1:35,967185.5485,1935338.756
2020,10/13/2023 1:35,967185.5485,1935338.756
2021,10/13/2023 1:35,967185.6289,1935338.758
2022,10/13/2023 1:35,967185.6289,1935338.758
2023,10/13/2023 1:35,967185.7092,1935338.76
2024,10/13/2023 1:35,967185.7092,1935338.76
2025,10/13/2023 1:35,967185.7092,1935338.76
2026,10/13/2023 1:35,967185.7494,1935338.761
2027,10/13/2023 1:35,967185.8298,1935338.763
2028,10/13/2023 1:35,967185.8298,1935338.763
2029,10/13/2023 1:35,967185.87,1935338.764
2030,10/13/2023 1:35,967185.87,1935338.764
2031,10/13/2023 1:35,967185.9102,1935338.764
2032,10/13/2023 1:35,967185.9504,1935338.765
2033,10/13/2023 1:35,967185.9504,1935338.765
2034,10/13/2023 1:35,967186.0308,1935338.767
2035,10/13/2023 1:35,967186.0308,1935338.767
2036,10/13/2023 1:35,967186.0709,1935338.768
2037,10/13/2023 1:35,967186.1111,1935338.769
2038,10/13/2023 1:35,967186.1111,1935338.769
2039,10/13/2023 1:35,967186.1513,1935338.77
2040,10/13/2023 1:35,967186.1915,1935338.771
2041,10/13/2023 1:35,967186.1915,1935338.771
2042,10/13/2023 1:35,967186.2719,1935338.773
2043,10/13/2023 1:35,967186.2719,1935338.773
2044,10/13/2023 1:35,967186.2719,1935338.773
2045,10/13/2023 1:35,967186.3121,1935338.773
2046,10/13/2023 1:35,967186.3523,1935338.774
2047,10/13/2023 1:35,967186.3924,1935338.775
2048,10/13/2023 1:35,967186.4326,1935338.776
2049,10/13/2023 1:35,967186.4326,1935338.776
2050,10/13/2023 1:35,967186.513,1935338.778
2051,10/13/2023 1:35,967186.513,1935338.778
2052,10/13/2023 1:35,967186.513,1935338.778
2053,10/13/2023 1:35,967186.5532,1935338.779
2054,10/13/2023 1:35,967186.5934,1935338.78
2055,10/13/2023 1:35,967186.6336,1935338.781
2056,10/13/2023 1:35,967186.6336,1935338.781
2057,10/13/2023 1:35,967186.714,1935338.782
2058,10/13/2023 1:35,967186.714,1935338.782
2059,10/13/2023 1:35,967186.7541,1935338.783
2060,10/13/2023 1:35,967186.7541,1935338.783
2061,10/13/2023 1:35,967186.7943,1935338.784
2062,10/13/2023 1:35,967186.8345,1935338.785
2063,10/13/2023 1:35,967186.8747,1935338.786
2064,10/13/2023 1:35,967186.8747,1935338.786
2065,10/13/2023 1:35,967186.9551,1935338.788
2066,10/13/2023 1:35,967186.9551,1935338.788
2067,10/13/2023 1:35,967186.9551,1935338.788
2068,10/13/2023 1:35,967186.9953,1935338.789
2069,10/13/2023 1:35,967187.0355,1935338.79
2070,10/13/2023 1:35,967187.0757,1935338.79
2071,10/13/2023 1:35,967187.0757,1935338.79
2072,10/13/2023 1:35,967187.0757,1935338.79
2073,10/13/2023 1:35,967187.1158,1935338.791
2074,10/13/2023 1:35,967187.1962,1935338.793
2075,10/13/2023 1:35,967187.1962,1935338.793
2076,10/13/2023 1:35,967187.1962,1935338.793
2077,10/13/2023 1:35,967187.2766,1935338.795
2078,10/13/2023 1:35,967187.3168,1935338.796
2079,10/13/2023 1:35,967187.3168,1935338.796
2080,10/13/2023 1:35,967187.3168,1935338.796
2081,10/13/2023 1:35,967187.3972,1935338.798
2082,10/13/2023 1:35,967187.3972,1935338.798
2083,10/13/2023 1:35,967187.4374,1935338.798
2084,10/13/2023 1:35,967187.4374,1935338.798
2085,10/13/2023 1:35,967187.5177,1935338.8
2086,10/13/2023 1:35,967187.5177,1935338.8
2087,10/13/2023 1:35,967187.5177,1935338.8
2088,10/13/2023 1:35,967187.5177,1935338.8
2089,10/13/2023 1:35,967187.5177,1935338.8
2090,10/13/2023 1:35,967187.6383,1935338.803
2091,10/13/2023 1:35,967187.6383,1935338.803
2092,10/13/2023 1:35,967187.6383,1935338.803
2093,10/13/2023 1:35,967187.6383,1935338.803
2094,10/13/2023 1:35,967187.7187,1935338.805
2095,10/13/2023 1:35,967187.7187,1935338.805
2096,10/13/2023 1:35,967187.8392,1935338.807
2097,10/13/2023 1:35,967187.8392,1935338.807
2098,10/13/2023 1:35,967187.8392,1935338.807
2099,10/13/2023 1:35,967187.9196,1935338.809
2100,10/13/2023 1:35,967187.9196,1935338.809
2101,10/13/2023 1:35,967187.9196,1935338.809
2102,10/13/2023 1:35,967187.9598,1935338.81
2103,10/13/2023 1:35,967187.9598,1935338.81
2104,10/13/2023 1:35,967188.0402,1935338.812
2105,10/13/2023 1:35,967188.0402,1935338.812
2106,10/13/2023 1:35,967188.1206,1935338.814
2107,10/13/2023 1:35,967188.1206,1935338.814
2108,10/13/2023 1:35,967188.1206,1935338.814
2109,10/13/2023 1:35,967188.1608,1935338.815
2110,10/13/2023 1:35,967188.2009,1935338.816
2111,10/13/2023 1:35,967188.2009,1935338.816
2112,10/13/2023 1:35,967188.2813,1935338.817
2113,10/13/2023 1:35,967188.2813,1935338.817
2114,10/13/2023 1:35,967188.2813,1935338.817
2115,10/13/2023 1:35,967188.3215,1935338.818
2116,10/13/2023 1:35,967188.3617,1935338.819
2117,10/13/2023 1:35,967188.4019,1935338.82
2118,10/13/2023 1:35,967188.4019,1935338.82
2119,10/13/2023 1:35,967188.4823,1935338.822
2120,10/13/2023 1:35,967188.4823,1935338.822
2121,10/13/2023 1:35,967188.5206,1935338.823
2122,10/13/2023 1:35,967188.5206,1935338.823
2123,10/13/2023 1:35,967188.5569,1935338.823
2124,10/13/2023 1:35,967188.5907,1935338.824
2125,10/13/2023 1:35,967188.5907,1935338.824
2126,10/13/2023 1:35,967188.5966,1935338.824
2127,10/13/2023 1:35,967188.5966,1935338.824
2128,10/13/2023 1:35,967188.5934,1935338.823
2129,10/13/2023 1:35,967188.5934,1935338.823
2130,10/13/2023 1:35,967188.5908,1935338.823
2131,10/13/2023 1:35,967188.5886,1935338.823
2132,10/13/2023 1:35,967188.5872,1935338.823
2133,10/13/2023 1:35,967188.5872,1935338.823
2134,10/13/2023 1:35,967188.5867,1935338.825
2135,10/13/2023 1:35,967188.5867,1935338.825
2136,10/13/2023 1:35,967188.5871,1935338.826
2137,10/13/2023 1:35,967188.5878,1935338.827
2138,10/13/2023 1:35,967188.5878,1935338.827
2139,10/13/2023 1:35,967188.5888,1935338.827
2140,10/13/2023 1:35,967188.5899,1935338.828
2141,10/13/2023 1:35,967188.5908,1935338.828
2142,10/13/2023 1:35,967188.5908,1935338.828
2143,10/13/2023 1:35,967188.5916,1935338.828
2144,10/13/2023 1:35,967188.5916,1935338.828
2145,10/13/2023 1:35,967188.5916,1935338.828
2146,10/13/2023 1:35,967188.5917,1935338.828
2147,10/13/2023 1:35,967188.5918,1935338.828
2148,10/13/2023 1:35,967188.5918,1935338.828
2149,10/13/2023 1:35,967188.5918,1935338.828
2150,10/13/2023 1:35,967188.592,1935338.828
2151,10/13/2023 1:35,967188.592,1935338.828
2152,10/13/2023 1:35,967188.592,1935338.828
2153,10/13/2023 1:35,967188.5921,1935338.828
2154,10/13/2023 1:35,967188.5921,1935338.828
2155,10/13/2023 1:35,967188.5922,1935338.828
2156,10/13/2023 1:35,967188.5922,1935338.828
2157,10/13/2023 1:35,967188.5923,1935338.828
2158,10/13/2023 1:35,967188.5923,1935338.828
2159,10/13/2023 1:35,967188.5923,1935338.828
2160,10/13/2023 1:35,967188.5923,1935338.828
2161,10/13/2023 1:35,967188.5924,1935338.828
2162,10/13/2023 1:35,967188.5924,1935338.828
