,x,y,goal x,goal y,waypoint,current distance,angular velocity,heading,yaw,goal angle
0,967568.8763766293,1935246.3323672335,967568.8241,1935246.327,0,0.05,-0.8108212237793845,-3.069,0.02982821651080399,-3.039281295256456
1,967568.8763766293,1935246.3323672335,967572.4631,1935248.799,1,4.35,0.151384998770149,0.573,0.02982821651080462,0.6024313015486302
2,967568.9133913805,1935246.3416984535,967572.4631,1935248.799,1,4.32,0.1463652518650308,0.554,0.05125707821739501,0.6055086629982867
3,967568.9655704615,1935246.3567786,967572.4631,1935248.799,1,4.27,0.13658995526032647,0.517,0.09265112459007882,0.6095642251916702
4,967569.0246134733,1935246.3757667956,967572.4631,1935248.799,1,4.21,0.12681465865562214,0.48,0.13433384594892603,0.6138989683074839
5,967569.0722848942,1935246.392254967,967572.4631,1935248.799,1,4.16,0.11915293969517837,0.451,0.1658544949686584,0.6172620193947577
6,967569.1295198015,1935246.4136553109,967572.4631,1935248.799,1,4.1,0.11096282632366938,0.42,0.20132140763916315,0.6210864210688813
7,967569.1873714833,1935246.436560556,967572.4631,1935248.799,1,4.04,0.102508515746628,0.388,0.23726077348229824,0.6248097033789035
8,967569.2426835569,1935246.4599135409,967572.4631,1935248.799,1,3.98,0.09511099399171663,0.36,0.2677774019058591,0.62817969662521
9,967569.303779817,1935246.478339461,967572.4631,1935248.799,1,3.92,0.09537519119724924,0.361,0.2726643125560971,0.6335358395153257
10,967569.3630796048,1935246.4946162023,967572.4631,1935248.799,1,3.86,0.09669617722491186,0.366,0.2728491080178682,0.6392281063212089
11,967569.42325939,1935246.511196813,967572.4631,1935248.799,1,3.8,0.0982813604581072,0.372,0.2727921330502695,0.645167053631508
12,967569.4876915272,1935246.5289893583,967572.4631,1935248.799,1,3.74,0.10013074089683505,0.379,0.27279905359896905,0.6517213113970836
13,967569.5476966106,1935246.55270696,967572.4631,1935248.799,1,3.68,0.09616778281384686,0.364,0.2924915433163215,0.6564870958501547
14,967569.6128001101,1935246.574324166,967572.4631,1935248.799,1,3.62,0.09590358560831425,0.363,0.29991587522289237,0.6627407426831622
15,967569.6791739548,1935246.5947258882,967572.4631,1935248.799,1,3.55,0.09748876884150948,0.369,0.30055555482402746,0.6697123970138863
16,967569.7427867481,1935246.6141530182,967572.4631,1935248.799,1,3.49,0.09933814928023743,0.376,0.3004911099631125,0.6766648461123557
17,967569.8106191996,1935246.6349288553,967572.4631,1935248.799,1,3.42,0.10145172692449766,0.384,0.30048526854129515,0.6843412454770059
18,967569.8694896942,1935246.6609167678,967572.4631,1935248.799,1,3.36,0.09696037443044447,0.367,0.3220968214096573,0.6894224752699851
19,967569.9341559334,1935246.6831677605,967572.4631,1935248.799,1,3.3,0.0980171632525747,0.371,0.3259567919749292,0.6966904130849626
20,967569.9996828462,1935246.7050205574,967572.4631,1935248.799,1,3.23,0.09986654369130243,0.378,0.32610273766123016,0.7045117066422185
21,967570.0656958811,1935246.7270031439,967572.4631,1935248.799,1,3.17,0.10224431854109539,0.387,0.326029755128589,0.7127186042481634
22,967570.1332181406,1935246.7576751225,967572.4631,1935248.799,1,3.1,0.09854555766363982,0.373,0.3467092202363951,0.719480685594388
23,967570.1993399662,1935246.7824055061,967572.4631,1935248.799,1,3.03,0.09933814928023743,0.376,0.3515710757978031,0.7277180410702033
24,967570.2623809858,1935246.805164571,967572.4631,1935248.799,1,2.97,0.10145172692449766,0.384,0.3516451004151814,0.7361161541748023
25,967570.3308151057,1935246.837971645,967572.4631,1935248.799,1,2.9,0.09748876884150948,0.369,0.37495095774749126,0.7435844273225422
26,967570.4049730292,1935246.8677271728,967572.4631,1935248.799,1,2.82,0.09933814928023743,0.376,0.3772801611971188,0.7536110721504369
27,967570.4685613165,1935246.8925239935,967572.4631,1935248.799,1,2.76,0.10198012133556289,0.386,0.3769020160204557,0.7628276965752212
28,967570.5374582354,1935246.9269250587,967572.4631,1935248.799,1,2.69,0.09880975486917232,0.374,0.3975148632763868,0.7712940910239038
29,967570.6078664808,1935246.958390545,967572.4631,1935248.799,1,2.61,0.09986654369130243,0.378,0.40372750439965915,0.7814412886098269
30,967570.6755140241,1935246.9869439462,967572.4631,1935248.799,1,2.55,0.102508515746628,0.388,0.40374666343444066,0.7921959785181731
31,967570.7444413401,1935247.023267739,967572.4631,1935248.799,1,2.47,0.09933814928023743,0.376,0.4253790280251823,0.8017296295122577
32,967570.815531501,1935247.0559798148,967572.4631,1935248.799,1,2.4,0.10224431854109539,0.387,0.42665304465200243,0.8135426807267259
33,967570.8804901317,1935247.0924387183,967572.4631,1935248.799,1,2.33,0.10013074089683505,0.379,0.4443279107954325,0.8230650350068845
34,967570.9474333932,1935247.1345586565,967572.4631,1935248.799,1,2.25,0.09484679678618413,0.359,0.4732717001973826,0.8321469980984795
35,967571.0135805729,1935247.1691905258,967572.4631,1935248.799,1,2.18,0.09696037443044447,0.367,0.4767833373627066,0.8438798873998662
36,967571.0804969148,1935247.203422736,967572.4631,1935248.799,1,2.11,0.10039493810236744,0.38,0.4772371287972554,0.856788146967442
37,967571.1442954477,1935247.2437534109,967572.4631,1935248.799,1,2.04,0.09775296604704209,0.37,0.49731308725019896,0.8674811771221845
38,967571.2100016153,1935247.2811700893,967572.4631,1935248.799,1,1.97,0.09986654369130243,0.378,0.5028525063982359,0.880647992495719
39,967571.2800565065,1935247.3194951077,967572.4631,1935248.799,1,1.89,0.10382950177429062,0.393,0.503503918978465,0.8962863962278773
40,967571.3428037064,1935247.3626161239,967572.4631,1935248.799,1,1.82,0.10065913530790027,0.381,0.5273599629376879,0.9084060165561442
41,967571.3951332236,1935247.4065628399,967572.4631,1935248.799,1,1.75,0.09511099399171663,0.36,0.5567564127781786,0.9165184061264001
42,967571.4707183975,1935247.4520699407,967572.4631,1935248.799,1,1.67,0.0982813604581072,0.372,0.5642053677081965,0.9358144282439748
43,967571.5370690994,1935247.4969112498,967572.4631,1935248.799,1,1.6,0.102508515746628,0.388,0.5641856340348522,0.9526005234283135
44,967571.5998956343,1935247.5369670969,967572.4631,1935248.799,1,1.53,0.10145172692449766,0.384,0.5869566825609339,0.9709036346844727
45,967571.6710508094,1935247.5847530456,967572.4631,1935248.799,1,1.45,0.09986654369130243,0.378,0.6149598750107061,0.9928083008543622
46,967571.7347465766,1935247.6315353345,967572.4631,1935248.799,1,1.38,0.103036910157693,0.39,0.6225455850122796,1.0130055428984754
47,967571.796444382,1935247.6773246801,967572.4631,1935248.799,1,1.3,0.10198012133556289,0.386,0.6483856969596523,1.0345495726475846
48,967571.8628455693,1935247.7285742706,967572.4631,1935248.799,1,1.23,0.10039493810236744,0.38,0.6799122168782457,1.0597278537222867
49,967571.9102415687,1935247.7872558848,967572.4631,1935248.799,1,1.15,0.09590358560831425,0.363,0.7077465250231715,1.0706896856915937
50,967571.9762554168,1935247.8513295297,967572.4631,1935248.799,1,1.07,0.09986654369130243,0.378,0.7181584147961702,1.0962269565289118
51,967572.0349951462,1935247.908513684,967572.4631,1935248.799,1,0.99,0.10699986824068142,0.405,0.7177578870120643,1.1226637272256959
52,967572.0884717632,1935247.9647291596,967572.4631,1935248.799,1,0.91,0.10805665706281142,0.409,0.7396618133308148,1.1487337836110243
53,967572.1390753333,1935248.0270012405,967572.4631,1935248.799,1,0.84,0.10647147382961619,0.403,0.7704352211169568,1.1734048893958515
54,967572.1810721104,1935248.0855968513,967572.4631,1935248.799,1,0.77,0.10435789618535585,0.395,0.7994647375111776,1.1943244378219073
55,967572.2306851113,1935248.1506754935,967572.4631,1935248.799,1,0.69,0.10515048780195346,0.398,0.8281836978748041,1.2265821959550438
56,967572.2765950772,1935248.2145357018,967572.4631,1935248.799,1,0.61,0.10699986824068142,0.405,0.8568159033385454,1.2619063231777035
57,967572.3226413159,1935248.2832494578,967572.4631,1935248.799,1,0.53,0.11043443191260438,0.418,0.8864105313602805,1.3049062520415544
58,967572.3660016359,1935248.3539342117,967572.4631,1935248.799,1,0.46,0.1159825732287878,0.439,0.9173543522209326,1.3559957226997472
59,967572.40451337,1935248.4225279568,967572.4631,1935248.799,1,0.38,0.12258750336710134,0.464,0.9525080446445828,1.4164144982256663
60,967572.440222511,1935248.4927552098,967572.4631,1935248.799,1,0.31,0.1328911943828709,0.503,0.9927835102327613,1.496231549851794
61,967572.4743741687,1935248.5688159238,967572.4631,1935248.799,1,0.23,0.1558763512642023,0.59,1.0298180125778504,1.6197361423404832
62,967572.5021776849,1935248.6430668572,967572.4631,1935248.799,1,0.16,0.1949775376830193,0.738,1.0785101983093834,1.81634468018279
63,967572.5253429707,1935248.7288383974,967572.8151,1935255.675,2,6.95,0.10515048780195346,0.398,1.1309228331721213,1.5291058003117706
64,967572.5485974174,1935248.8090124475,967572.8151,1935255.675,2,6.87,0.09484679678618413,0.359,1.173166871879581,1.5320009074683065
65,967572.5777971814,1935248.881805798,967572.8151,1935255.675,2,6.8,0.09431840237511913,0.357,1.1786732692807285,1.5358780899210283
66,967572.6096849772,1935248.9582423621,967572.8151,1935255.675,2,6.72,0.09537519119724924,0.361,1.1788778945504441,1.5402233883196386
67,967572.6381613596,1935249.0266457456,967572.8151,1935255.675,2,6.65,0.09643198001937947,0.365,1.1788180840309541,1.5441887068940758
68,967572.6699879058,1935249.1030965894,967572.8151,1935255.675,2,6.57,0.09775296604704209,0.37,1.178826680326427,1.548719234570007
69,967572.7018144514,1935249.1795474284,967572.8151,1935255.675,2,6.5,0.09907395207470482,0.375,1.178827705316058,1.5533573472788693
70,967572.73029083,1935249.2479508165,967572.8151,1935255.675,2,6.43,0.10013074089683505,0.379,1.1788271101412182,1.557601430412264
71,967572.755297371,1935249.3273136925,967572.8151,1935255.675,2,6.35,0.09643198001937947,0.365,1.196087106139181,1.5613754359503322
72,967572.7820061409,1935249.4013336068,967572.8151,1935255.675,2,6.27,0.09458259958065152,0.358,1.207271999528655,1.5655213328654032
73,967572.8117997394,1935249.478987795,967572.8151,1935255.675,2,6.2,0.09563938840278186,0.362,1.207922225939287,1.570263684150767
74,967572.840316995,1935249.5524873084,967572.8151,1935255.675,2,6.12,0.09696037443044447,0.367,1.2078678965811565,1.5749150365008646
75,967572.8688037472,1935249.6259863295,967572.8151,1935255.675,2,6.05,0.0982813604581072,0.372,1.2078540088454583,1.579674193374068
76,967572.8988730967,1935249.7035686318,967572.8151,1935255.675,2,5.97,0.09960234648576982,0.377,1.2078551323085116,1.5848243874554382
77,967572.9257772524,1935249.7729843732,967572.8151,1935255.675,2,5.9,0.10092333251343266,0.382,1.2078551323085112,1.5895465790408196
78,967572.9476038072,1935249.8489403033,967572.8151,1935255.675,2,5.83,0.09643198001937947,0.365,1.2290353087869494,1.5935357038319387
79,967572.9756961472,1935249.9318764478,967572.8151,1935255.675,2,5.75,0.09669617722491186,0.366,1.232764666057462,1.5987522477231475
80,967573.0020657263,1935250.0061197954,967572.8151,1935255.675,2,5.67,0.0980171632525747,0.371,1.232851458030586,1.6037654446923348
81,967573.026883215,1935250.0762803545,967572.8151,1935255.675,2,5.6,0.09933814928023743,0.376,1.2328079303151487,1.6086053799873687
82,967573.0546204064,1935250.154695098,967572.8151,1935255.675,2,5.53,0.10065913530790027,0.381,1.2328111039938905,1.614158110757802
83,967573.0745455067,1935250.2312614857,967572.8151,1935255.675,2,5.45,0.09643198001937947,0.365,1.2539161241577512,1.6184197268901748
84,967573.0990278884,1935250.3109669033,967572.8151,1935255.675,2,5.37,0.09643198001937947,0.365,1.2585851283245546,1.6236787681990557
85,967573.1222770367,1935250.3818957862,967572.8151,1935255.675,2,5.3,0.09775296604704209,0.37,1.2592359320673436,1.6287647465142356
86,967573.1482618931,1935250.4611369434,967572.8151,1935255.675,2,5.22,0.09907395207470482,0.375,1.2591738184282515,1.6346088111695765
87,967573.1728788959,1935250.536221964,967572.8151,1935255.675,2,5.15,0.10065913530790027,0.381,1.2591669033000812,1.6403074963109283
88,967573.1908422589,1935250.6133520852,967572.8151,1935255.675,2,5.08,0.09669617722491186,0.366,1.2793801954938302,1.644893607762732
89,967573.2134258571,1935250.6935001956,967572.8151,1935255.675,2,5.0,0.09696037443044447,0.367,1.2839853154067045,1.6505875905718386
90,967573.2371441799,1935250.773284973,967572.8151,1935255.675,2,4.92,0.09854555766363982,0.373,1.284102426800951,1.6566858285807597
91,967573.2595561421,1935250.848884084,967572.8151,1935255.675,2,4.85,0.10013074089683505,0.379,1.2840225325761954,1.662631248263122
92,967573.2761918257,1935250.930829185,967572.8151,1935255.675,2,4.77,0.09616778281384686,0.364,1.3041112957242196,1.6676832585105261
93,967573.2851609843,1935250.9922092482,967572.8151,1935255.675,2,4.71,0.09537519119724924,0.361,1.309982081814774,1.6708417204118946
94,967573.3082185906,1935251.0770789778,967572.8151,1935255.675,2,4.62,0.09722457163597686,0.368,1.3097572674946334,1.6776361105622442
95,967573.3238706881,1935251.1537298637,967572.8151,1935255.675,2,4.55,0.09854555766363982,0.373,1.3094791734420073,1.6828532017593814
96,967573.346506277,1935251.230614034,967572.8151,1935255.675,2,4.48,0.10065913530790027,0.381,1.3084650235180733,1.6897993493218755
97,967573.3636172881,1935251.3152822482,967572.8151,1935255.675,2,4.39,0.09643198001937947,0.365,1.330971922563872,1.6959535665426326
98,967573.3841978048,1935251.408167638,967572.8151,1935255.675,2,4.3,0.09722457163597686,0.368,1.3358284700445973,1.7033908790321588
99,967573.4023139306,1935251.485284943,967572.8151,1935255.675,2,4.23,0.09880975486917232,0.374,1.3358221078164716,1.7100453193138723
100,967573.4301839672,1935251.5649375247,967572.8151,1935255.675,2,4.16,0.10118752971896527,0.383,1.3360297876301601,1.7193470802678665
101,967573.4403249263,1935251.642782123,967572.8151,1935255.675,2,4.08,0.09722457163597686,0.368,1.356745592628645,1.724628608554508
102,967573.4609681559,1935251.7049126073,967572.8151,1935255.675,2,4.02,0.09748876884150948,0.369,1.3633718922040665,1.7320671140856012
103,967573.4796560244,1935251.774868741,967572.8151,1935255.675,2,3.96,0.09933814928023743,0.376,1.363086019631009,1.7395686593253157
104,967573.4954829793,1935251.8635288123,967572.8151,1935255.675,2,3.87,0.10145172692449766,0.384,1.3636810062107418,1.7474449546582658
105,967573.5117477567,1935251.945773114,967572.8151,1935255.675,2,3.79,0.09696037443044447,0.367,1.3882960474801493,1.7554752650081082
106,967573.5210535215,1935252.0185852174,967572.8151,1935255.675,2,3.72,0.09669617722491186,0.366,1.3956027243287183,1.7615221418604337
107,967573.5348745733,1935252.1010041805,967572.8151,1935255.675,2,3.65,0.09854555766363982,0.373,1.3963323600778612,1.7695300986919273
108,967573.5561681768,1935252.1874324281,967572.8151,1935255.675,2,3.57,0.10145172692449766,0.384,1.3963077781041742,1.78017076453941
109,967573.562615396,1935252.2711374825,967572.8151,1935255.675,2,3.48,0.09748876884150948,0.369,1.4175097616943437,1.786972685670238
110,967573.5736844926,1935252.3500952898,967572.8151,1935255.675,2,3.41,0.09854555766363982,0.373,1.422487832032402,1.7951090935214078
111,967573.58561523,1935252.4285938835,967572.8151,1935255.675,2,3.34,0.10065913530790027,0.381,1.4229320759573474,1.8038285149912483
112,967573.590182313,1935252.5039087567,967572.8151,1935255.675,2,3.26,0.09696037443044447,0.367,1.4439192928416134,1.8105176165712076
113,967573.5996872262,1935252.587204839,967572.8151,1935255.675,2,3.19,0.0982813604581072,0.372,1.4476322272741446,1.819623527355774
114,967573.6094570057,1935252.6615346652,967572.8151,1935255.675,2,3.12,0.10065913530790027,0.381,1.447739336316206,1.8285358088733326
115,967573.6133338658,1935252.7457022197,967572.8151,1935255.675,2,3.04,0.09748876884150948,0.369,1.4678489408857398,1.836836895386868
116,967573.6203325866,1935252.8292635004,967572.8151,1935255.675,2,2.96,0.09854555766363982,0.373,1.4740023787433654,1.8465486939454325
117,967573.628381051,1935252.9082189582,967572.8151,1935255.675,2,2.88,0.10118752971896527,0.383,1.4740381555405297,1.856688725956527
118,967573.6293575949,1935252.9924928786,967572.8151,1935255.675,2,2.8,0.09722457163597686,0.368,1.497136241835967,1.8655008579396362
119,967573.6346580181,1935253.0715723825,967572.8151,1935255.675,2,2.73,0.09960234648576982,0.377,1.4989316781709887,1.8757748465717878
120,967573.6406017019,1935253.1504943152,967572.8151,1935255.675,2,2.66,0.102508515746628,0.388,1.4990185282546165,1.8868319211551505
121,967573.6392287031,1935253.2347765802,967572.8151,1935255.675,2,2.58,0.09880975486917232,0.374,1.522533691418566,1.8964957229567672
122,967573.6428397712,1935253.3183906886,967572.8151,1935255.675,2,2.5,0.10145172692449766,0.384,1.524710585369283,1.908577026418494
123,967573.64025824,1935253.3980921844,967572.8151,1935255.675,2,2.42,0.09880975486917232,0.374,1.5441207453571066,1.918477584550923
124,967573.6412149691,1935253.4816945223,967572.8151,1935255.675,2,2.34,0.10118752971896527,0.383,1.5484489028565909,1.9310153668672592
125,967573.6360614111,1935253.5657945198,967572.8151,1935255.675,2,2.26,0.0980171632525747,0.371,1.5714341635907714,1.941981972125087
126,967573.6342780887,1935253.6451883595,967572.8151,1935255.675,2,2.19,0.09960234648576982,0.377,1.5776723371585128,1.954379464154056
127,967573.6339316164,1935253.7244067541,967572.8151,1935255.675,2,2.12,0.10330110736322562,0.391,1.5775838971211467,1.9682423412460495
128,967573.626602354,1935253.799516879,967572.8151,1935255.675,2,2.04,0.09986654369130243,0.378,1.6015342831615946,1.9791622044027193
129,967573.6213861147,1935253.8875518956,967572.8151,1935255.675,2,1.96,0.10224431854109539,0.387,1.6074060187978712,1.9945498892673894
130,967573.6106048224,1935253.9667566407,967572.8151,1935255.675,2,1.88,0.09880975486917232,0.374,1.6323737320022107,2.006617798429334
131,967573.6053798837,1935254.0457600283,967572.8151,1935255.675,2,1.81,0.102508515746628,0.388,1.6342122149523595,2.022421029792619
132,967573.5937708777,1935254.12904017,967572.8151,1935255.675,2,1.73,0.10092333251343266,0.382,1.6550163679776142,2.037384544573151
133,967573.5787575379,1935254.2076740556,967572.8151,1935255.675,2,1.65,0.09722457163597686,0.368,1.6829843198982366,2.0506632035568453
134,967573.5665355672,1935254.2949567416,967572.8151,1935255.675,2,1.57,0.10065913530790027,0.381,1.6887086243021978,2.0694082095491075
135,967573.5491422083,1935254.3774277202,967572.8151,1935255.675,2,1.49,0.09907395207470482,0.375,1.7107984192098806,2.0856165752653006
136,967573.5370633304,1935254.4557269523,967572.8151,1935255.675,2,1.42,0.103036910157693,0.39,1.7154727470298958,2.105406039081952
137,967573.51757248,1935254.5377068447,967572.8151,1935255.675,2,1.34,0.10224431854109539,0.387,1.7367339283979675,2.124107650637381
138,967573.4958727772,1935254.6146933867,967572.8151,1935255.675,2,1.26,0.09986654369130243,0.378,1.7639785974729005,2.1415644252348134
139,967573.4800818777,1935254.6923385065,967572.8151,1935255.675,2,1.19,0.10515048780195346,0.398,1.7675897953065294,2.1657233180954436
140,967573.4580817537,1935254.769030401,967572.8151,1935255.675,2,1.11,0.10620727662408358,0.402,1.786415089287846,2.1880138411967818
141,967573.4321909553,1935254.8447907376,967572.8151,1935255.675,2,1.03,0.10382950177429062,0.393,1.8167773420601943,2.2099928424689637
142,967573.4024934937,1935254.9239230112,967572.8151,1935255.675,2,0.95,0.10330110736322562,0.391,1.8431673753524638,2.2345072593557025
143,967573.3741602609,1935254.994030266,967572.8151,1935255.675,2,0.88,0.10224431854109539,0.387,1.870887923421833,2.25819768679267
144,967573.3305593211,1935255.0802028924,967572.8151,1935255.675,2,0.79,0.10118752971896527,0.383,1.9022833859632036,2.284856776098697
145,967573.2991436868,1935255.1465233557,967572.8151,1935255.675,2,0.72,0.10065913530790027,0.381,1.9312277060063334,2.31233910612389
146,967573.2463309302,1935255.2076210997,967572.8151,1935255.675,2,0.64,0.09273321914192367,0.351,1.9649486254310022,2.3159896203954244
147,967573.2009698229,1935255.2874497448,967572.8151,1935255.675,2,0.55,0.10039493810236744,0.38,1.974390269481761,2.354021764456087
148,967573.1612718267,1935255.3584591488,967572.8151,1935255.675,2,0.47,0.10620727662408358,0.402,1.9985058030985896,2.400876378255056
149,967573.1252095437,1935255.4004334523,967572.8151,1935255.675,2,0.41,0.103036910157693,0.39,2.0267796276637493,2.4169106882628006
150,967573.0804262185,1935255.468890392,967572.8151,1935255.675,2,0.34,0.111755417940267,0.423,2.0581591112993207,2.4811491282503217
151,967573.0195702554,1935255.5483959494,967572.8151,1935255.675,2,0.24,0.13209860276627305,0.5,2.0874626491196184,2.587188899969921
152,967572.9717190809,1935255.6083217417,967572.8151,1935255.675,2,0.17,0.16274547860804855,0.616,2.1232454861601058,2.7390994358347007
153,967572.9152288333,1935255.6704288297,967572.4458,1935262.825,3,7.17,-0.14160970216544488,-0.536,2.1718551402631947,1.6363148502365041
154,967572.871641999,1935255.7423068958,967572.4458,1935262.825,3,7.1,-0.13896773011011931,-0.526,2.156927807466726,1.63084833990402
155,967572.8372547635,1935255.8151248072,967572.4458,1935262.825,3,7.02,-0.13183440556074066,-0.499,2.1253500462787303,1.626581714998452
156,967572.8061171876,1935255.896553044,967572.4458,1935262.825,3,6.94,-0.12311589777816656,-0.466,2.08916395615072,1.6227549954119047
157,967572.7753504901,1935255.9738528375,967572.4458,1935262.825,3,6.86,-0.11518998161219007,-0.436,2.0549461966771445,1.6188607849426204
158,967572.7480228409,1935256.0497886112,967572.4458,1935262.825,3,6.78,-0.10911344588494165,-0.413,2.0284291103751224,1.615373921282457
159,967572.7258208005,1935256.1353257054,967572.4458,1935262.825,3,6.7,-0.10013074089683505,-0.379,1.991754816502678,1.6126305647601846
160,967572.703481972,1935256.2122105313,967572.4458,1935262.825,3,6.62,-0.09326161355298879,-0.353,1.9623161417532642,1.609743834005527
161,967572.6731270269,1935256.290478004,967572.4458,1935262.825,3,6.54,-0.09273321914192378,-0.351,1.9563738180949044,1.6055709264029618
162,967572.6567092702,1935256.3519266315,967572.4458,1935262.825,3,6.48,-0.09326161355298879,-0.353,1.9563399658662075,1.6033673591855389
163,967572.6229363339,1935256.4359826709,967572.4458,1935262.825,3,6.39,-0.09458259958065152,-0.358,1.9563669185265857,1.5985143557927004
164,967572.5917018697,1935256.5139157628,967572.4458,1935262.825,3,6.31,-0.09563938840278186,-0.362,1.9563690681542842,1.5939105619693217
165,967572.5620025437,1935256.5874185797,967572.4458,1935262.825,3,6.24,-0.09696037443044447,-0.367,1.9563680430154744,1.5894235952482232
166,967572.5339230594,1935256.6569196398,967572.4458,1935262.825,3,6.17,-0.09801716325257459,-0.371,1.9563680430116033,1.5850823054383703
167,967572.5008869432,1935256.7387753134,967572.4458,1935262.825,3,6.09,-0.09960234648576993,-0.377,1.9563680430115917,1.5798471656703363
168,967572.469502633,1935256.8165382002,967572.4458,1935262.825,3,6.01,-0.10092333251343266,-0.382,1.9563680430115746,1.5747411817049504
169,967572.4453684688,1935256.896949054,967572.4458,1935262.825,3,5.93,-0.09616778281384686,-0.364,1.935183064505758,1.5707235320047537
170,967572.4201420317,1935256.9673956544,967572.4458,1935262.825,3,5.86,-0.09616778281384686,-0.364,1.9302927267093137,1.566416071209867
171,967572.3911880878,1935257.0458227475,967572.4458,1935262.825,3,5.78,-0.09722457163597698,-0.368,1.9298447246244215,1.561346835223729
172,967572.363643371,1935257.1200616534,967572.4458,1935262.825,3,5.71,-0.09880975486917232,-0.374,1.92992064693317,1.5563963551843063
173,967572.3345681411,1935257.198441047,967572.4458,1935262.825,3,5.63,-0.10013074089683505,-0.379,1.9299150602241864,1.5510298278100407
174,967572.3125612399,1935257.2793892329,967572.4458,1935262.825,3,5.55,-0.09590358560831436,-0.363,1.9098310098110731,1.5467749633671901
175,967572.2872914566,1935257.3544729354,967572.4458,1935262.825,3,5.47,-0.09590358560831436,-0.363,1.904959372320632,1.541829427409847
176,967572.2613244506,1935257.4292709308,967572.4458,1935262.825,3,5.4,-0.09748876884150948,-0.369,1.905159922809792,1.5366204592589807
177,967572.2339482141,1935257.508257116,967572.4458,1935262.825,3,5.32,-0.09880975486917232,-0.374,1.9052342146813532,1.5309712351907117
178,967572.2066024787,1935257.5872437777,967572.4458,1935262.825,3,5.24,-0.10039493810236755,-0.38,1.905231041108904,1.5251600978637914
179,967572.1859638909,1935257.6684883647,967572.4458,1935262.825,3,5.16,-0.09643198001937947,-0.365,1.885079106227577,1.5204490103033672
180,967572.1620173665,1935257.748612341,967572.4458,1935262.825,3,5.08,-0.09669617722491197,-0.366,1.8805000606196476,1.5149519763469814
181,967572.1382047305,1935257.8241616779,967572.4458,1935262.825,3,5.01,-0.09801716325257459,-0.371,1.880416535390893,1.5093649793013408
182,967572.1131678323,1935257.9037801016,967572.4458,1935262.825,3,4.93,-0.09960234648576993,-0.377,1.8804643893986053,1.503307573112876
183,967572.0894488967,1935257.9791936306,967572.4458,1935262.825,3,4.86,-0.10118752971896516,-0.383,1.880456711729107,1.4973904189253122
184,967572.0719524384,1935258.056643775,967572.4458,1935262.825,3,4.78,-0.09722457163597698,-0.368,1.8600967677985245,1.4925546092571853
185,967572.0492524488,1935258.1370469579,967572.4458,1935262.825,3,4.7,-0.0982813604581072,-0.372,1.8580017545279843,1.4864085801319589
186,967572.0270809602,1935258.2130038347,967572.4458,1935262.825,3,4.63,-0.09986654369130255,-0.378,1.8582307797738546,1.4802554356306132
187,967572.0050004963,1935258.2889926783,967572.4458,1935262.825,3,4.56,-0.10145172692449766,-0.384,1.858273886043333,1.4739226418162623
188,967571.988284058,1935258.3711082963,967572.4458,1935262.825,3,4.48,-0.09696037443044447,-0.367,1.8349779048050643,1.468432629072917
189,967571.9679217067,1935258.4522504848,967572.4458,1935262.825,3,4.4,-0.09801716325257459,-0.371,1.833172814398119,1.4619427728368783
190,967571.9474189503,1935258.5287984128,967572.4458,1935262.825,3,4.33,-0.09986654369130255,-0.378,1.8331317557104698,1.4553074887268336
191,967571.9258414188,1935258.6096085017,967572.4458,1935262.825,3,4.25,-0.10171592413003028,-0.385,1.8331328531401965,1.448068603578982
192,967571.9118615992,1935258.6923169266,967572.4458,1935262.825,3,4.17,-0.09748876884150948,-0.369,1.8117081657404128,1.4423091197883178
193,967571.894217116,1935258.7694824755,967572.4458,1935262.825,3,4.09,-0.0982813604581072,-0.372,1.8079314298327516,1.4356177597386717
194,967571.8759040927,1935258.8464771896,967572.4458,1935262.825,3,4.02,-0.10013074089683505,-0.379,1.8078423801727568,1.4285210628902032
195,967571.8639139341,1935258.9249532784,967572.4458,1935262.825,3,3.94,-0.09696037443044447,-0.367,1.789724990702221,1.4226890939331345
196,967571.8477384582,1935259.0114178192,967572.4458,1935262.825,3,3.86,-0.09696037443044447,-0.367,1.7820529197817323,1.4152392292519598
197,967571.8325682969,1935259.084572339,967572.4458,1935262.825,3,3.79,-0.09854555766363982,-0.373,1.781660963377189,1.4082950225454842
198,967571.8156135348,1935259.1663256472,967572.4458,1935262.825,3,3.71,-0.10065913530790016,-0.381,1.7816721525513932,1.4002255442742193
199,967571.8061194853,1935259.2451694985,967572.4458,1935262.825,3,3.64,-0.09696037443044447,-0.367,1.7614512212678108,1.393972402724101
200,967571.792062699,1935259.3231321105,967572.4458,1935262.825,3,3.56,-0.09854555766363982,-0.373,1.7592765500232384,1.386238271181557
201,967571.7775496881,1935259.4010035426,967572.4458,1935262.825,3,3.49,-0.10092333251343266,-0.382,1.7596956645569015,1.3780523983411876
202,967571.7696902549,1935259.4844959697,967572.4458,1935262.825,3,3.41,-0.09696037443044447,-0.367,1.7384601912001336,1.371096521766391
203,967571.7575503666,1935259.5627942318,967572.4458,1935262.825,3,3.33,-0.0982813604581072,-0.372,1.7344206488501006,1.3628688035311398
204,967571.743260192,1935259.649662571,967572.4458,1935262.825,3,3.25,-0.10092333251343266,-0.382,1.734697640376446,1.3530551223012919
205,967571.7388319751,1935259.7246205756,967572.4458,1935262.825,3,3.18,-0.09696037443044447,-0.367,1.7135441139614098,1.346603289467579
206,967571.7283265797,1935259.8075750396,967572.4458,1935262.825,3,3.1,-0.0982813604581072,-0.372,1.709397059117683,1.3373545945081475
207,967571.7176177123,1935259.886063905,967572.4458,1935262.825,3,3.03,-0.10092333251343266,-0.382,1.7097331073048179,1.3279169154957355
208,967571.7144610969,1935259.9654740074,967572.4458,1935262.825,3,2.95,-0.09669617722491197,-0.366,1.6866813766821074,1.3204082970795807
209,967571.7072458924,1935260.0487478597,967572.4458,1935262.825,3,2.87,-0.09775296604704209,-0.37,1.6810893248392937,1.3107925480961735
210,967571.6990053012,1935260.127436232,967572.4458,1935262.825,3,2.8,-0.10039493810236755,-0.38,1.6804362408491393,1.3007198942175362
211,967571.696908463,1935260.2111882588,967572.4458,1935262.825,3,2.72,-0.09748876884150948,-0.369,1.660423104833961,1.2917582152150826
212,967571.6920788647,1935260.2902742173,967572.4458,1935262.825,3,2.64,-0.09854555766363982,-0.373,1.654872102574972,1.2817650916417715
213,967571.6856856898,1935260.3736603304,967572.4458,1935262.825,3,2.57,-0.10145172692449766,-0.384,1.6542212070025173,1.2701165910720462
214,967571.6859371783,1935260.4574802774,967572.4458,1935262.825,3,2.49,-0.09880975486917232,-0.374,1.6338980988345333,1.2602290428868705
215,967571.6834655938,1935260.5321948417,967572.4458,1935262.825,3,2.42,-0.09986654369130255,-0.378,1.6281487689169252,1.2498051139349307
216,967571.679229248,1935260.6200090023,967572.4458,1935262.825,3,2.33,-0.10330110736322562,-0.391,1.6276363904369342,1.2362143020327958
217,967571.6821146258,1935260.699378038,967572.4458,1935262.825,3,2.26,-0.10039493810236755,-0.38,1.6059093211984101,1.2258816546448217
218,967571.6888662752,1935260.7831260813,967572.4458,1935262.825,3,2.18,-0.09616778281384686,-0.364,1.580084092432177,1.215796075086206
219,967571.6897402059,1935260.8623486585,967572.4458,1935262.825,3,2.1,-0.0982813604581072,-0.372,1.575340519648614,1.2030926845318464
220,967571.689567674,1935260.9459711576,967572.4458,1935262.825,3,2.03,-0.1022443185410955,-0.387,1.5746805827397143,1.1881718034163964
221,967571.6972079535,1935261.029481631,967572.4458,1935262.825,3,1.95,-0.09960234648576993,-0.377,1.5532314866279635,1.1757872201025856
222,967571.7000456529,1935261.1041815972,967572.4458,1935262.825,3,1.88,-0.10198012133556289,-0.386,1.5482870745209294,1.1618560256069828
223,967571.710121911,1935261.1918347133,967572.4458,1935262.825,3,1.79,-0.10013074089683505,-0.379,1.5265257081365033,1.1475586810238838
224,967571.7232640956,1935261.274731058,967572.4458,1935262.825,3,1.71,-0.09696037443044447,-0.367,1.5016263037702062,1.1346581515909688
225,967571.7311319616,1935261.3535310812,967572.4458,1935262.825,3,1.64,-0.09880975486917232,-0.374,1.492862339187203,1.1186674488686459
226,967571.7380435405,1935261.436816364,967572.4458,1935262.825,3,1.56,-0.10382950177429062,-0.393,1.492417603690118,1.09930493132276
227,967571.751625748,1935261.5150742873,967572.4458,1935262.825,3,1.48,-0.102508515746628,-0.388,1.4714819000789776,1.0834892276552657
228,967571.7686033855,1935261.59279132,967572.4458,1935262.825,3,1.41,-0.09960234648576993,-0.377,1.4451336746847314,1.0682760236973035
229,967571.7812616334,1935261.6754205993,967572.4458,1935262.825,3,1.33,-0.10409369897982323,-0.394,1.440210595201522,1.0466572677068786
230,967571.7983131215,1935261.7485010093,967572.4458,1935262.825,3,1.26,-0.10277271295216062,-0.389,1.418253900068704,1.0292932135148845
231,967571.8207315626,1935261.8294397932,967572.4458,1935262.825,3,1.18,-0.10118752971896516,-0.383,1.3927542466306146,1.010145902768681
232,967571.8451736014,1935261.9097624295,967572.4458,1935262.825,3,1.09,-0.09854555766363982,-0.373,1.3631216103914279,0.9900386420879024
233,967571.8637189678,1935261.9867492667,967572.4458,1935262.825,3,1.02,-0.10382950177429062,-0.393,1.357254131731938,0.9638388706426371
234,967571.8902975321,1935262.0708588858,967572.4458,1935262.825,3,0.94,-0.10541468500748596,-0.399,1.3351020813407821,0.9359246964655809
235,967571.9162685869,1935262.1413887069,967572.4458,1935262.825,3,0.86,-0.10488629059642085,-0.397,1.308988047803168,0.9117306272806829
236,967571.9494411162,1935262.2233683683,967572.4458,1935262.825,3,0.78,-0.10488629059642085,-0.397,1.2782925450458262,0.8809836350708242
237,967571.9816000154,1935262.296193604,967572.4458,1935262.825,3,0.7,-0.10567888221301858,-0.4,1.2501375655312876,0.8503680207640812
238,967572.0160329775,1935262.368002398,967572.4458,1935262.825,3,0.63,-0.10620727662408369,-0.402,1.2180517361132372,0.8160963040531697
239,967572.0569194854,1935262.4464969148,967572.4458,1935262.825,3,0.54,-0.10990603750153927,-0.416,1.187379137829485,0.7718758560290221
240,967572.098717061,1935262.5195138156,967572.4458,1935262.825,3,0.46,-0.11492578440665757,-0.435,1.1564209268316332,0.7217412237526172
241,967572.1383695602,1935262.5835337052,967572.4458,1935262.825,3,0.39,-0.12232330616156895,-0.463,1.1287263216680652,0.6657958632607133
242,967572.183330391,1935262.649514624,967572.4458,1935262.825,3,0.32,-0.13236279997180567,-0.501,1.0901093648891627,0.5893351196669397
243,967572.2342198354,1935262.716825706,967572.4458,1935262.825,3,0.24,-0.15270598479781172,-0.578,1.0507541902943225,0.4726217943216646
244,967572.2837421116,1935262.774191043,967572.4458,1935262.825,3,0.17,-0.18625902990044507,-0.705,1.0086901069899483,0.303817040516738
245,967572.3472992185,1935262.837340715,967571.5342,1935269.746,4,6.96,0.19471334047748667,0.737,0.9509644927455284,1.687950154015787
246,967572.3884779231,1935262.905153122,967571.5342,1935269.746,4,6.89,0.1923355656276936,0.728,0.9668219852483623,1.6950321531600696
247,967572.4223896898,1935262.9828652842,967571.5342,1935269.746,4,6.82,0.18071088858426176,0.684,1.0177000497073367,1.7013771448878308
248,967572.4515274842,1935263.0576332894,967571.5342,1935269.746,4,6.75,0.1698788031574272,0.643,1.0641200506392592,1.7070986075405172
249,967572.4793943575,1935263.1374841474,967571.5342,1935269.746,4,6.68,0.1606319009637881,0.608,1.104718320218493,1.7128595646946012
250,967572.5028282724,1935263.2140530369,967571.5342,1935269.746,4,6.6,0.1519133931812141,0.575,1.142826083142746,1.7180143621104655
251,967572.5236578006,1935263.2913050884,967571.5342,1935269.746,4,6.53,0.14213809657651,0.538,1.1850079154498039,1.7229049817967803
252,967572.54269966,1935263.3735173524,967571.5342,1935269.746,4,6.45,0.13315539158840328,0.504,1.2242442747605464,1.7277531163396338
253,967572.5592936607,1935263.4561635565,967571.5342,1935269.746,4,6.37,0.12364429218923167,0.468,1.2643523976457325,1.7323521480409303
254,967572.5730117783,1935263.5392979062,967571.5342,1935269.746,4,6.29,0.11518998161219018,0.436,1.3010349350604886,1.7366286311396708
255,967572.5835715013,1935263.6138386463,967571.5342,1935269.746,4,6.22,0.10752826265174642,0.407,1.3333849153215107,1.7402805349356572
256,967572.5936933692,1935263.706290469,967571.5342,1935269.746,4,6.13,0.10092333251343266,0.382,1.3621533938176706,1.7444506923192338
257,967572.6008418174,1935263.790029575,967571.5342,1935269.746,4,6.05,0.09246902193639128,0.35,1.3982477683787933,1.7480055812670912
258,967572.6128057297,1935263.8683608845,967571.5342,1935269.746,4,5.98,0.09194062752532606,0.348,1.403811629890773,1.7522870465436549
259,967572.6270233267,1935263.9507861687,967571.5342,1935269.746,4,5.9,0.09326161355298868,0.353,1.4042174740929445,1.7571810448813794
260,967572.641393813,1935264.0331910022,967571.5342,1935269.746,4,5.82,0.09458259958065152,0.358,1.404187709215414,1.7622319791265137
261,967572.6542243231,1935264.1069212055,967571.5342,1935269.746,4,5.75,0.09590358560831425,0.363,1.404181192011509,1.7668629901706883
262,967572.6685643013,1935264.189325551,967571.5342,1935269.746,4,5.67,0.09722457163597686,0.368,1.4041827950515855,1.7721737490890117
263,967572.6821495463,1935264.2673928286,967571.5342,1935269.746,4,5.6,0.09854555766363982,0.373,1.4041822910433859,1.77734130001249
264,967572.6972442616,1935264.354134245,967571.5342,1935269.746,4,5.52,0.10013074089683505,0.379,1.4041827950515877,1.7832447975811334
265,967572.7033052215,1935264.433355537,967571.5342,1935269.746,4,5.44,0.09563938840278186,0.362,1.425139166141407,1.7874047015194636
266,967572.7141085208,1935264.5117598993,967571.5342,1935269.746,4,5.37,0.09590358560831425,0.363,1.4291276097343757,1.7925116074014198
267,967572.726217332,1935264.5944033116,967571.5342,1935269.746,4,5.29,0.09748876884150948,0.369,1.4289268278909153,1.7981825188539304
268,967572.7297339853,1935264.6647890487,967571.5342,1935269.746,4,5.22,0.09854555766363982,0.373,1.429166417815216,1.8018785908229122
269,967572.7412895646,1935264.7438537662,967571.5342,1935269.746,4,5.15,0.10013074089683505,0.379,1.4285332374114041,1.8075836836171209
270,967572.7396735019,1935264.8280711302,967571.5342,1935269.746,4,5.06,0.09537519119724924,0.361,1.4503689661603918,1.811175032291793
271,967572.7498606477,1935264.9068470777,967571.5342,1935269.746,4,4.99,0.09563938840278186,0.362,1.4548846681774605,1.816916801477941
272,967572.7564518034,1935264.996839856,967571.5342,1935269.746,4,4.9,0.09748876884150948,0.369,1.4535034681589005,1.822691532967431
273,967572.7672163553,1935265.077676916,967571.5342,1935269.746,4,4.83,0.09907395207470482,0.375,1.4536691793568224,1.829023398274662
274,967572.7768376635,1935265.1574965059,967571.5342,1935269.746,4,4.75,0.10092333251343266,0.382,1.4535882447743547,1.8352680531035688
275,967572.7792972268,1935265.2406117113,967571.5342,1935269.746,4,4.67,0.09643198001937947,0.365,1.4751321101147488,1.8404240288394333
276,967572.7855867296,1935265.3284714925,967571.5342,1935269.746,4,4.59,0.09616778281384686,0.364,1.4826751386722496,1.8468417236136547
277,967572.7926593017,1935265.4073961496,967571.5342,1935269.746,4,4.52,0.09775296604704209,0.37,1.483330345575768,1.853109915849683
278,967572.7996404837,1935265.4863117263,967571.5342,1935269.746,4,4.44,0.09933814928023743,0.376,1.4832638598668377,1.859566096598937
279,967572.8066215444,1935265.5652349284,967571.5342,1935269.746,4,4.37,0.10118752971896527,0.383,1.4832574674343848,1.8662404002353452
280,967572.8069752043,1935265.6445560127,967571.5342,1935269.746,4,4.29,0.09722457163597686,0.368,1.5036608517013395,1.871697274169667
281,967572.8115894725,1935265.7245704534,967571.5342,1935269.746,4,4.22,0.09775296604704209,0.37,1.5080168247410612,1.8783621261775314
282,967572.8175702584,1935265.8088249154,967571.5342,1935269.746,4,4.14,0.09960234648576982,0.377,1.5085041029528081,1.885898257959623
283,967572.8236522453,1935265.8886415253,967571.5342,1935269.746,4,4.07,0.10171592413003028,0.385,1.508507376300812,1.8934020096707753
284,967572.8233651494,1935265.9775407405,967571.5342,1935269.746,4,3.98,0.09854555766363982,0.373,1.5272043575797276,1.900410139762347
285,967572.8274716632,1935266.0568682062,967571.5342,1935269.746,4,3.91,0.09960234648576982,0.377,1.5311719648007789,1.9079722681175213
286,967572.8321618806,1935266.1359456158,967571.5342,1935269.746,4,3.84,0.10145172692449766,0.384,1.5314665048839968,1.9159453419392243
287,967572.8294551107,1935266.2235095333,967571.5342,1935269.746,4,3.75,0.09775296604704209,0.37,1.55315631021089,1.923160532401571
288,967572.831030905,1935266.306557271,967571.5342,1935269.746,4,3.68,0.09880975486917232,0.374,1.5574558955317523,1.931360250918121
289,967572.8330813323,1935266.3808785575,967571.5342,1935269.746,4,3.61,0.10092333251343266,0.382,1.557379072109871,1.9391614206529484
290,967572.8275220913,1935266.4636295731,967571.5342,1935269.746,4,3.53,0.09722457163597686,0.368,1.577642514805292,1.9461375833181063
291,967572.8266040543,1935266.5423354183,967571.5342,1935269.746,4,3.45,0.0982813604581072,0.372,1.5827110125372177,1.9542425827075427
292,967572.8261609919,1935266.625701884,967571.5342,1935269.746,4,3.38,0.10065913530790027,0.381,1.5825181992813506,1.963356217163865
293,967572.8188651763,1935266.704458699,967571.5342,1935269.746,4,3.3,0.09722457163597686,0.368,1.6027112274965978,1.9704398495123876
294,967572.8146474778,1935266.7834399862,967571.5342,1935269.746,4,3.23,0.09775296604704209,0.37,1.6085069322690948,1.9787578579946876
295,967572.8115164154,1935266.8669924778,967571.5342,1935269.746,4,3.15,0.10013074089683505,0.379,1.6089074854303391,1.9883700396683464
296,967572.8018673214,1935266.949823274,967571.5342,1935269.746,4,3.07,0.09696037443044447,0.367,1.6298212827631353,1.9964387324009254
297,967572.7953849422,1935267.0330630324,967571.5342,1935269.746,4,2.99,0.0980171632525747,0.371,1.634676320364402,2.0059537544768102
298,967572.7905468646,1935267.1165120485,967571.5342,1935269.746,4,2.91,0.10065913530790027,0.381,1.6350815751035666,2.0165197717212053
299,967572.7795468915,1935267.1902898317,967571.5342,1935269.746,4,2.84,0.09748876884150948,0.369,1.6552070042625406,2.024216391496917
300,967572.7705995139,1935267.2731241835,967571.5342,1935269.746,4,2.76,0.09880975486917232,0.374,1.6608759476654833,2.0344315147615673
301,967572.7632040739,1935267.3562197161,967571.5342,1935269.746,4,2.69,0.10145172692449766,0.384,1.6613564080522116,2.04579854971266
302,967572.7482040022,1935267.437851599,967571.5342,1935269.746,4,2.61,0.0982813604581072,0.372,1.6825816825405329,2.0549990882623352
303,967572.738664335,1935267.511896744,967571.5342,1935269.746,4,2.54,0.09986654369130243,0.378,1.6874116084660644,2.0652530731708936
304,967572.7288012259,1935267.5947546486,967571.5342,1935269.746,4,2.46,0.103036910157693,0.39,1.6877945679592588,2.077704743432141
305,967572.711303218,1935267.6761331586,967571.5342,1935269.746,4,2.38,0.10013074089683505,0.379,1.7092643594857377,2.0878721286327653
306,967572.6892935538,1935267.7610859703,967571.5342,1935269.746,4,2.3,0.09511099399171663,0.36,1.7376845838885984,2.097827805686818
307,967572.6766158581,1935267.8348370309,967571.5342,1935269.746,4,2.23,0.0980171632525747,0.371,1.7387976621051506,2.1095667864201575
308,967572.6625734484,1935267.9176436202,967571.5342,1935269.746,4,2.15,0.10171592413003028,0.385,1.738521391754496,2.123732082987506
309,967572.6433882893,1935267.9900095337,967571.5342,1935269.746,4,2.08,0.09880975486917232,0.374,1.7598783164576843,2.134170262698478
310,967572.6254830388,1935268.0720528192,967571.5342,1935269.746,4,2.0,0.10145172692449766,0.384,1.7646655751529612,2.148521522114287
311,967572.6024932814,1935268.1476610333,967571.5342,1935269.746,4,1.92,0.09748876884150948,0.369,1.7910149835234834,2.1599821928970133
312,967572.5828534291,1935268.2294173394,967571.5342,1935269.746,4,1.84,0.10118752971896527,0.383,1.7930422088643998,2.17576646622938
313,967572.5567761393,1935268.3130543754,967571.5342,1935269.746,4,1.76,0.09960234648576982,0.377,1.8132752580053302,2.190603699142472
314,967572.536456526,1935268.389597594,967571.5342,1935269.746,4,1.69,0.10277271295216062,0.389,1.8181419454368786,2.207160648840807
315,967572.5088110947,1935268.468243854,967571.5342,1935269.746,4,1.61,0.10171592413003028,0.385,1.8369391623597673,2.2224089058722742
316,967572.4812534585,1935268.5375472694,967571.5342,1935269.746,4,1.54,0.09775296604704209,0.37,1.8658619657343207,2.2355133073608227
317,967572.4576536204,1935268.613145768,967571.5342,1935269.746,4,1.46,0.102508515746628,0.388,1.8670828692325743,2.2547110219138435
318,967572.4264302072,1935268.6903848844,967571.5342,1935269.746,4,1.38,0.10171592413003028,0.385,1.8873838730019177,2.2725105684786064
319,967572.3935248979,1935268.762112722,967571.5342,1935269.746,4,1.31,0.09854555766363982,0.373,1.915353002409291,2.2887181151748712
320,967572.3657984941,1935268.8362648303,967571.5342,1935269.746,4,1.23,0.10409369897982323,0.394,1.9171721365712227,2.3113528274529878
321,967572.329210264,1935268.9304135724,967571.5342,1935269.746,4,1.14,0.10673567103514858,0.404,1.939586681527976,2.343419694091978
322,967572.2880221823,1935269.0011093756,967571.5342,1935269.746,4,1.06,0.10409369897982323,0.394,1.9678138990447578,2.362153905569792
323,967572.2550105706,1935269.0775953564,967571.5342,1935269.746,4,0.98,0.10462209339088824,0.396,1.998159803845856,2.3939000154436685
324,967572.210359252,1935269.1492581442,967571.5342,1935269.746,4,0.9,0.10277271295216062,0.389,2.0290146466146837,2.4185045852173457
325,967572.1790794351,1935269.2089673292,967571.5342,1935269.746,4,0.84,0.102508515746628,0.388,2.059518357388533,2.4471902032531005
326,967572.132920967,1935269.273725692,967571.5342,1935269.746,4,0.76,0.10198012133556289,0.386,2.088072268802484,2.4737150834669177
327,967572.0890740827,1935269.3331965671,967571.5342,1935269.746,4,0.69,0.102508515746628,0.388,2.114442786692665,2.501969165175231
328,967572.0373032438,1935269.399757267,967571.5342,1935269.746,4,0.61,0.10382950177429062,0.393,2.145479210760516,2.538820580595746
329,967571.9861688189,1935269.4608436045,967571.5342,1935269.746,4,0.53,0.10673567103514858,0.404,2.1751255802592073,2.578747220451134
330,967571.9298246477,1935269.5233572933,967571.5342,1935269.746,4,0.45,0.11149122073473461,0.422,2.207007427814801,2.629003826609999
331,967571.8713160097,1935269.5838379827,967571.5342,1935269.746,4,0.37,0.11941713690071087,0.452,2.2416555626705303,2.69323804911882
332,967571.8163649791,1935269.6355116616,967571.5342,1935269.746,4,0.3,0.1299850251220127,0.492,2.2766358862263925,2.7683715102864657
333,967571.7488982101,1935269.6933019236,967571.5342,1935269.746,4,0.22,0.15455536523653957,0.585,2.3162316980582713,2.90089914598809
334,967571.6846384283,1935269.7413108384,967571.5342,1935269.746,4,0.15,0.19814790414940975,0.75,2.36037996678608,3.1104327698267724
335,967571.6116207896,1935269.7855493499,967566.0041,1935273.569,5,6.76,0.03381724230816585,0.128,2.4200160134228326,2.5480422042776074
336,967571.5464631774,1935269.8382046414,967566.0041,1935273.569,5,6.68,0.030911073047308002,0.117,2.432543755026578,2.5491207722367895
337,967571.4830124743,1935269.8928856442,967566.0041,1935273.569,5,6.6,0.031175270252840392,0.118,2.432779036419373,2.5506257382846798
338,967571.4229034592,1935269.9446526088,967566.0041,1935273.569,5,6.52,0.031439467458373005,0.119,2.432709203871214,2.5520824954989467
339,967571.3593923532,1935269.9992945106,967566.0041,1935273.569,5,6.44,0.03196786186943801,0.121,2.432707808584695,2.553653321759276
340,967571.2992528367,1935270.051060983,967566.0041,1935273.569,5,6.36,0.03223205907497062,0.122,2.4327094688433655,2.555181955111422
341,967571.2357722353,1935270.1057033762,967566.0041,1935273.569,5,6.27,0.032760453486035845,0.124,2.432709468843367,2.556837137300309
342,967571.1722916325,1935270.1603457632,967566.0041,1935273.569,5,6.19,0.03328884789710085,0.126,2.4327094688433673,2.5585367497620743
343,967571.1088110305,1935270.2149881544,967566.0041,1935273.569,5,6.11,0.03381724230816585,0.128,2.432709468843368,2.5602825972490777
344,967571.0486715126,1935270.2667546282,967566.0041,1935273.569,5,6.03,0.034081439513698464,0.129,2.4327094688433637,2.561980928070948
345,967570.9885319954,1935270.3185210964,967566.0041,1935273.569,5,5.95,0.03460983392476358,0.131,2.4327094688433686,2.563724163259605
346,967570.9217103082,1935270.3760394056,967566.0041,1935273.569,5,5.86,0.03513822833582858,0.133,2.432709468843363,2.5657159441385473
347,967570.8582297049,1935270.430681793,967566.0041,1935273.569,5,5.78,0.035666622746893584,0.135,2.432709468843375,2.567663905039221
348,967570.7947491026,1935270.4853241786,967566.0041,1935273.569,5,5.7,0.03619501715795881,0.137,2.4327094688433633,2.569668606613995
349,967570.7346095863,1935270.5370906559,967566.0041,1935273.569,5,5.62,0.036723411569024034,0.139,2.4327094688433633,2.571622401608834
350,967570.6711289855,1935270.5917330422,967566.0041,1935273.569,5,5.54,0.03725180598008904,0.141,2.4327094688433637,2.5737449041916234
351,967570.6143305516,1935270.6406236014,967566.0041,1935273.569,5,5.46,0.03778020039115415,0.143,2.4327094688433673,2.575698606486329
352,967570.544167782,1935270.7010178224,967566.0041,1935273.569,5,5.37,0.038308594802219154,0.145,2.4327094688433695,2.578186499382102
353,967570.4907104301,1935270.7470324656,967566.0041,1935273.569,5,5.3,0.03883698921328416,0.147,2.432709468843365,2.5801397388167424
354,967570.4238887451,1935270.804550772,967566.0041,1935273.569,5,5.21,0.039629580829881994,0.15,2.4327094688433704,2.5826547878560033
355,967570.3637492268,1935270.8563172417,967566.0041,1935273.569,5,5.13,0.040157975240947,0.152,2.432709468843365,2.584991330097219
356,967570.3002686263,1935270.9109596335,967566.0041,1935273.569,5,5.05,0.04095056685754461,0.155,2.432709468843365,2.587536367021384
357,967570.2334469395,1935270.9684779383,967566.0041,1935273.569,5,4.96,0.04174315847414234,0.158,2.4327094688433646,2.5903069850474916
358,967570.1733074212,1935271.020244408,967566.0041,1935273.569,5,4.89,0.042271552885207564,0.16,2.4327094688433637,2.5928849401275977
359,967570.1131679058,1935271.0720108824,967566.0041,1935273.569,5,4.81,0.04306414450180496,0.163,2.4327094688433686,2.5955468700096196
360,967570.049687302,1935271.12665327,967566.0041,1935273.569,5,4.73,0.04385673611840257,0.166,2.4327094688433686,2.598452354133629
361,967569.9862067011,1935271.1812956599,967566.0041,1935273.569,5,4.64,0.0446493277350003,0.169,2.432709468843368,2.6014611973744928
362,967569.9227260988,1935271.2359380473,967566.0041,1935273.569,5,4.56,0.045441919351598026,0.172,2.4327094688433655,2.60457895602938
363,967569.8592454974,1935271.290580437,967566.0041,1935273.569,5,4.48,0.04623451096819553,0.175,2.43270946884337,2.6078115901212735
364,967569.7924238121,1935271.3480987428,967566.0041,1935273.569,5,4.39,0.04729129979032576,0.179,2.4327094688433633,2.6113455046133605
365,967569.7322842926,1935271.3998652124,967566.0041,1935273.569,5,4.31,0.048083891406923374,0.182,2.4327094688433646,2.614647546538315
366,967569.6654626045,1935271.4573835195,967566.0041,1935273.569,5,4.23,0.04914068022905371,0.186,2.4327094688433633,2.6184594455414025
367,967569.6019820041,1935271.5120259076,967566.0041,1935273.569,5,4.14,0.05019746905118372,0.19,2.4327094688433655,2.6222283424151014
368,967569.541842487,1935271.563792378,967566.0041,1935273.569,5,4.07,0.050990060667781334,0.193,2.432709468843369,2.6259394791272053
369,967569.478361886,1935271.618434765,967566.0041,1935273.569,5,3.98,0.05204684948991167,0.197,2.432709468843363,2.630014111289764
370,967569.418222368,1935271.6702012415,967566.0041,1935273.569,5,3.91,0.0531036383120419,0.201,2.432709468843372,2.634032277527333
371,967569.351400682,1935271.7277195465,967566.0041,1935273.569,5,3.82,0.05442462433970452,0.206,2.4327094688433655,2.6386886449597817
372,967569.2879200791,1935271.7823619326,967566.0041,1935273.569,5,3.74,0.05574561036736725,0.211,2.4327094688433677,2.6433112552377622
373,967569.2311216455,1935271.8312524897,967566.0041,1935273.569,5,3.67,0.05680239918949748,0.215,2.432709468843364,2.6476223444682443
374,967569.1676410441,1935271.8858948788,967566.0041,1935273.569,5,3.58,0.05812338521716032,0.22,2.432709468843364,2.6526490106262672
375,967569.1041604435,1935271.9405372706,967566.0041,1935273.569,5,3.5,0.059444371244822936,0.225,2.432709468843368,2.65791025489941
376,967569.0440209256,1935271.9923037395,967566.0041,1935273.569,5,3.42,0.060765357272485665,0.23,2.432709468843366,2.6631259074084452
377,967568.9838814064,1935272.0440702105,967566.0041,1935273.569,5,3.35,0.062350540505680896,0.236,2.4327094688433712,2.6685822021979804
378,967568.920400806,1935272.098712603,967566.0041,1935273.569,5,3.27,0.06393572373887624,0.242,2.4327094688433646,2.6746211684896526
379,967568.8602612881,1935272.1504790748,967566.0041,1935273.569,5,3.19,0.06552090697207147,0.248,2.4327094688433677,2.6806262690585085
380,967568.7934396008,1935272.2079973796,967566.0041,1935273.569,5,3.1,0.0673702874107992,0.255,2.4327094688433637,2.6876475423412756
381,967568.7333000846,1935272.2597638492,967566.0041,1935273.569,5,3.03,0.06921966784952704,0.262,2.4327094688433655,2.694304952115007
382,967568.669819483,1935272.3144062383,967566.0041,1935273.569,5,2.95,0.071069048288255,0.269,2.432709468843365,2.7017078319985286
383,967568.6096799638,1935272.3661727149,967566.0041,1935273.569,5,2.87,0.07291842872698273,0.276,2.4327094688433664,2.7091051758400484
384,967568.5495404475,1935272.4179391866,967566.0041,1935273.569,5,2.79,0.07503200637124319,0.284,2.4327094688433704,2.716906588970188
385,967568.48271876,1935272.475457491,967566.0041,1935273.569,5,2.71,0.07740978122103614,0.293,2.432709468843365,2.7260889967577997
386,967568.4225792454,1935272.5272239598,967566.0041,1935273.569,5,2.63,0.07978755607082899,0.302,2.432709468843369,2.7348561857960147
387,967568.3590986411,1935272.5818663472,967566.0041,1935273.569,5,2.55,0.08242952812615434,0.312,2.432709468843364,2.7446744324155268
388,967568.2956180398,1935272.636508739,967566.0041,1935273.569,5,2.47,0.08507150018147991,0.322,2.432709468843368,2.7551250191872536
389,967568.235478523,1935272.688275213,967566.0041,1935273.569,5,2.4,0.08797766944233798,0.333,2.432709468843364,2.7656636980176885
390,967568.1753390047,1935272.740041684,967566.0041,1935273.569,5,2.32,0.09088383870319583,0.344,2.4327094688433664,2.776882043144941
391,967568.1118584035,1935272.7946840688,967566.0041,1935273.569,5,2.25,0.09431840237511913,0.357,2.4327094688433637,2.789532732758267
392,967568.048377801,1935272.8493264592,967566.0041,1935273.569,5,2.17,0.09775296604704209,0.37,2.4327094688433673,2.8030990152614885
393,967567.9882382827,1935272.9010929344,967566.0041,1935273.569,5,2.09,0.10145172692449766,0.384,2.432709468843371,2.816884107593445
394,967567.9239987867,1935272.9478283012,967566.0041,1935273.569,5,2.02,0.09986654369130243,0.378,2.451176850728357,2.8286782360203686
395,967567.8583076491,1935272.999498719,967566.0041,1935273.569,5,1.94,0.10171592413003028,0.385,2.4589447654892664,2.8435983686036423
396,967567.7887278771,1935273.0462786981,967566.0041,1935273.569,5,1.86,0.09986654369130243,0.378,2.4782428810833816,2.8566603222782154
397,967567.7253575693,1935273.0939966622,967566.0041,1935273.569,5,1.79,0.10198012133556289,0.386,2.486028660177399,2.872331404880203
398,967567.6551221332,1935273.1397974505,967566.0041,1935273.569,5,1.71,0.10065913530790027,0.381,2.5061903389562934,2.887260453827542
399,967567.5864711629,1935273.179986424,967566.0041,1935273.569,5,1.63,0.09722457163597686,0.368,2.5320809229095462,2.9005310451266544
400,967567.5169581071,1935273.2264089505,967566.0041,1935273.569,5,1.55,0.10065913530790027,0.381,2.537982708394417,2.9188957865136467
401,967567.4480745206,1935273.2658771866,967566.0041,1935273.569,5,1.48,0.09907395207470482,0.375,2.5594794904156775,2.9346746393368854
402,967567.3812212421,1935273.3081390827,967566.0041,1935273.569,5,1.4,0.103036910157693,0.39,2.564737810936802,2.954385923443867
403,967567.3075109692,1935273.347972858,967566.0041,1935273.569,5,1.32,0.102508515746628,0.388,2.585413460110942,2.973614673007389
404,967567.2278160547,1935273.3861628333,967566.0041,1935273.569,5,1.24,0.10013074089683505,0.379,2.6147291749116284,2.993278373448155
405,967567.1509959003,1935273.4201040608,967566.0041,1935273.569,5,1.16,0.09696037443044447,0.367,2.6451046472296382,3.0124895916718475
406,967567.0774759412,1935273.4594831916,967566.0041,1935273.569,5,1.08,0.10382950177429062,0.393,2.6464249997529716,3.0399142660281755
407,967567.0006633201,1935273.4929516064,967566.0041,1935273.569,5,1.0,0.10462209339088824,0.396,2.669153461067775,3.0654296163859276
408,967566.9222286094,1935273.522900578,967566.0041,1935273.569,5,0.92,0.10515048780195346,0.398,2.69310211774663,3.091424583502334
409,967566.8470004406,1935273.548842559,967566.0041,1935273.569,5,0.84,0.10409369897982323,0.394,2.7238025647619475,3.1176828316428855
410,967566.76669376,1935273.5737196389,967566.0041,1935273.569,5,0.76,0.10435789618535585,0.395,2.752841729960705,-3.135403803175531
411,967566.6899831316,1935273.5950383535,967566.0041,1935273.569,5,0.69,0.10462209339088824,0.396,2.7835068646025305,-3.1036476243662943
412,967566.6126692076,1935273.6140056753,967566.0041,1935273.569,5,0.61,0.10647147382961619,0.403,2.8126194496935724,-3.067773774130266
413,967566.5260023171,1935273.6320841045,967566.0041,1935273.569,5,0.53,0.111227023529202,0.421,2.8404240502218663,-3.021302820760497
414,967566.4430905556,1935273.6461947907,967566.0041,1935273.569,5,0.45,0.11571837602325519,0.438,2.877612578253878,-2.967526116855497
415,967566.3639350184,1935273.656269098,967566.0041,1935273.569,5,0.37,0.1247010810113619,0.472,2.907206045596851,-2.9036612743177352
416,967566.2843182456,1935273.662735661,967566.0041,1935273.569,5,0.3,0.13658995526032647,0.517,2.94714212596072,-2.8187839361066445
417,967566.204279731,1935273.665030645,967566.0041,1935273.569,5,0.22,0.15957511214165798,0.604,2.984431746802692,-2.6942985476301256
418,967566.1239612902,1935273.6619129525,967566.0041,1935273.569,5,0.15,0.20343184826006067,0.77,3.0306088946152023,-2.482175987758491
419,967566.0392581004,1935273.6505711426,967558.9697,1935274.012,6,7.08,-0.0007925916165976155,-0.003,3.0936219679231893,3.0905124513254782
420,967565.960010976,1935273.6510709086,967558.9697,1935274.012,6,7.0,-0.00422715528852069,-0.016,3.1060674185439145,3.090005697582907
421,967565.87644846,1935273.65431665,967558.9697,1935274.012,6,6.92,-0.004491352494053191,-0.017,3.1066021924047047,3.0898513598166892
422,967565.8017081768,1935273.657291011,967558.9697,1935274.012,6,6.84,-0.004491352494053191,-0.017,3.106540916885422,3.0897205272201687
423,967565.7181751943,1935273.6605982466,967558.9697,1935274.012,6,6.76,-0.004491352494053191,-0.017,3.1065311448604604,3.0895683577288318
424,967565.6346422097,1935273.663905483,967558.9697,1935274.012,6,6.67,-0.004491352494053191,-0.017,3.106532809809375,3.0894123764904773
425,967565.5555056982,1935273.6670386556,967558.9697,1935274.012,6,6.59,-0.004491352494053191,-0.017,3.106532333045473,3.089260957464393
426,967565.4675762405,1935273.6705199564,967558.9697,1935274.012,6,6.51,-0.004491352494053191,-0.017,3.1065323330454775,3.089088391017227
427,967565.3884397269,1935273.6736531307,967558.9697,1935274.012,6,6.43,-0.004755549699585693,-0.018,3.1065323330454717,3.0889290421536217
428,967565.3093032155,1935273.676786304,967558.9697,1935274.012,6,6.35,-0.004755549699585693,-0.018,3.1065323330454744,3.088765717674112
429,967565.2257702311,1935273.680093541,967558.9697,1935274.012,6,6.26,-0.004755549699585693,-0.018,3.1065323330454757,3.0885888398896038
430,967565.1466337221,1935273.6832267132,967558.9697,1935274.012,6,6.19,-0.004755549699585693,-0.018,3.1065323330454766,3.088416861789301
431,967565.0631007355,1935273.686533953,967558.9697,1935274.012,6,6.1,-0.004755549699585693,-0.018,3.1065323330454766,3.0882304870898833
432,967564.9839642243,1935273.689667123,967558.9697,1935274.012,6,6.02,-0.004755549699585693,-0.018,3.1065323330454766,3.0880491487627766
433,967564.9004312402,1935273.6929743614,967558.9697,1935274.012,6,5.94,-0.005019746905118416,-0.019,3.106532333045478,3.0878524905645803
434,967564.8168982561,1935273.696281599,967558.9697,1935274.012,6,5.86,-0.005019746905118416,-0.019,3.1065323330454766,3.0876502176761247
435,967564.737761745,1935273.6994147685,967558.9697,1935274.012,6,5.78,-0.005019746905118416,-0.019,3.106532333045476,3.087453190202476
436,967564.6630217072,1935273.702373877,967558.9697,1935274.012,6,5.7,-0.005019746905118416,-0.019,3.1065323330454846,3.087262084102761
437,967564.579488721,1935273.7056811168,967558.9697,1935274.012,6,5.62,-0.005019746905118416,-0.019,3.1065323330454806,3.0870424738435016
438,967564.4915592662,1935273.709162418,967558.9697,1935274.012,6,5.53,-0.005283944110650918,-0.02,3.1065323330454784,3.0868041323045046
439,967564.4124227554,1935273.7122955874,967558.9697,1935274.012,6,5.45,-0.005283944110650918,-0.02,3.1065323330454735,3.086583045786976
440,967564.3288897693,1935273.7156028266,967558.9697,1935274.012,6,5.37,-0.005283944110650918,-0.02,3.1065323330454833,3.086342600126955
441,967564.2541497316,1935273.718561933,967558.9697,1935274.012,6,5.29,-0.005283944110650918,-0.02,3.1065323330454793,3.0861210263141183
442,967564.1706167456,1935273.7218691672,967558.9697,1935274.012,6,5.21,-0.00554814131618353,-0.021,3.1065323330454766,3.0858658551310403
443,967564.0870837643,1935273.7251764077,967558.9697,1935274.012,6,5.13,-0.00554814131618353,-0.021,3.1065323330454753,3.0856023623366986
444,967564.0035507806,1935273.7284836448,967558.9697,1935274.012,6,5.04,-0.00554814131618353,-0.021,3.1065323330454757,3.0853301320685564
445,967563.9244142679,1935273.7316168174,967558.9697,1935274.012,6,4.96,-0.00554814131618353,-0.021,3.1065323330454735,3.0850637706474346
446,967563.8408812843,1935273.734924053,967558.9697,1935274.012,6,4.88,-0.005812338521716032,-0.022,3.106532333045477,3.0847732310111433
447,967563.7617447717,1935273.7380572266,967558.9697,1935274.012,6,4.8,-0.005812338521716032,-0.022,3.106532333045474,3.0844886493347943
448,967563.6870047344,1935273.7410163323,967558.9697,1935274.012,6,4.73,-0.005812338521716032,-0.022,3.1065323330454753,3.0842111189047996
449,967563.599075278,1935273.744497637,967558.9697,1935274.012,6,4.64,-0.006076535727248644,-0.023,3.106532333045473,3.083873152358738
450,967563.5199387678,1935273.747630807,967558.9697,1935274.012,6,4.56,-0.006076535727248644,-0.023,3.106532333045479,3.0835578255958533
451,967563.4364057822,1935273.750938047,967558.9697,1935274.012,6,4.47,-0.006076535727248644,-0.023,3.106532333045476,3.0832128733270037
452,967563.352872799,1935273.754245282,967558.9697,1935274.012,6,4.39,-0.006340732932781146,-0.024,3.106532333045474,3.082854786731549
453,967563.273736289,1935273.757378456,967558.9697,1935274.012,6,4.31,-0.006340732932781146,-0.024,3.1065323330454744,3.082502740996817
454,967563.1902033036,1935273.7606856902,967558.9697,1935274.012,6,4.23,-0.006340732932781146,-0.024,3.1065323330454726,3.082116830195126
455,967563.1110667936,1935273.7638188659,967558.9697,1935274.012,6,4.15,-0.006604930138313647,-0.025,3.1065323330454757,3.0817368889233934
456,967563.0319302813,1935273.766952035,967558.9697,1935274.012,6,4.07,-0.006604930138313647,-0.025,3.106532333045472,3.081342161036936
457,967562.9440008254,1935273.7704333386,967558.9697,1935274.012,6,3.98,-0.006869127343846149,-0.026,3.1065323330454757,3.0808851624795786
458,967562.8648643156,1935273.773566512,967558.9697,1935274.012,6,3.9,-0.006869127343846149,-0.026,3.1065323330454757,3.0804562460577722
459,967562.7769348575,1935273.7770478155,967558.9697,1935274.012,6,3.81,-0.007133324549378761,-0.027,3.1065323330454744,3.0799587877753454
460,967562.6934018747,1935273.780355047,967558.9697,1935274.012,6,3.73,-0.007133324549378761,-0.027,3.1065323330454793,3.0794644700741305
461,967562.609868892,1935273.7836622847,967558.9697,1935274.012,6,3.65,-0.007397521754911263,-0.028,3.1065323330454784,3.0789474998539546
462,967562.526335907,1935273.786969526,967558.9697,1935274.012,6,3.56,-0.007397521754911263,-0.028,3.106532333045478,3.0784062828453265
463,967562.4471993975,1935273.7901026995,967558.9697,1935274.012,6,3.48,-0.007661718960443764,-0.029,3.106532333045481,3.0778696024856522
464,967562.3680628857,1935273.79323587,967558.9697,1935274.012,6,3.41,-0.007661718960443764,-0.029,3.1065323330454797,3.077307965582442
465,967562.2845299032,1935273.7965431071,967558.9697,1935274.012,6,3.32,-0.007925916165976266,-0.03,3.106532333045479,3.0766860819764235
466,967562.1966004455,1935273.8000244086,967558.9697,1935274.012,6,3.23,-0.008190113371508989,-0.031,3.1065323330454793,3.075996743015519
467,967562.1086709901,1935273.8035057115,967558.9697,1935274.012,6,3.15,-0.008190113371508989,-0.031,3.1065323330454837,3.0752688525355407
468,967562.0251380055,1935273.8068129458,967558.9697,1935274.012,6,3.06,-0.00845431057704149,-0.032,3.1065323330454775,3.07453862135985
469,967561.9460014963,1935273.8099461205,967558.9697,1935274.012,6,2.98,-0.008718507782573992,-0.033,3.1065323330454784,3.073809086640075
470,967561.862468514,1935273.8132533596,967558.9697,1935274.012,6,2.9,-0.008982704988106605,-0.034,3.106532333045477,3.0729958039882876
471,967561.7833320026,1935273.8163865304,967558.9697,1935274.012,6,2.82,-0.008982704988106605,-0.034,3.1065323330454766,3.0721808706634044
472,967561.6997990182,1935273.8196937675,967558.9697,1935274.012,6,2.74,-0.009246902193639217,-0.035,3.1065323330454793,3.0712695187815466
473,967561.6206625069,1935273.8228269387,967558.9697,1935274.012,6,2.66,-0.009511099399171719,-0.036,3.106532333045474,3.070353271029196
474,967561.5371295249,1935273.82613418,967558.9697,1935274.012,6,2.57,-0.00977529660470422,-0.037,3.1065323330454757,3.0693249877900444
475,967561.4579930136,1935273.8292673472,967558.9697,1935274.012,6,2.49,-0.010039493810236721,-0.038,3.1065323330454753,3.0682872915612274
476,967561.3744600316,1935273.832574585,967558.9697,1935274.012,6,2.41,-0.010303691015769334,-0.039,3.1065323330454757,3.0671180431143443
477,967561.2997199935,1935273.8355336948,967558.9697,1935274.012,6,2.34,-0.010832085426834337,-0.041,3.1065323330454757,3.0660010009826713
478,967561.2205834802,1935273.838666866,967558.9697,1935274.012,6,2.26,-0.011096282632366838,-0.042,3.106532333045474,3.064737620570914
479,967561.1370504984,1935273.8419741052,967558.9697,1935274.012,6,2.17,-0.011360479837899562,-0.043,3.1065323330454757,3.0633042613853987
480,967561.0491210438,1935273.845455406,967558.9697,1935274.012,6,2.09,-0.011888874248964565,-0.045,3.1065323330454757,3.0616714428889487
481,967560.9655880599,1935273.848762641,967558.9697,1935274.012,6,2.0,-0.012417268660029679,-0.047,3.106532333045475,3.0599874540356606
482,967560.8864515489,1935273.8518958122,967558.9697,1935274.012,6,1.92,-0.012681465865562291,-0.048,3.1065323330454744,3.058257186475641
483,967560.8029185674,1935273.855203052,967558.9697,1935274.012,6,1.84,-0.013209860276627294,-0.05,3.106532333045473,3.056269349187612
484,967560.7193855837,1935273.8585102835,967558.9697,1935274.012,6,1.76,-0.013738254687692408,-0.052,3.1065323330454784,3.0540924776691223
485,967560.6358526,1935273.86181753,967558.9697,1935274.012,6,1.67,-0.014530846304290135,-0.055,3.1065323330454766,3.0516983000619975
486,967560.5567160893,1935273.8649506983,967558.9697,1935274.012,6,1.59,-0.015059240715355138,-0.057,3.1065323330454753,3.0491987396195204
487,967560.4731831057,1935273.8682579326,967558.9697,1935274.012,6,1.51,-0.015851832331952753,-0.06,3.1065323330454784,3.046276321500765
488,967560.3940465951,1935273.8713911031,967558.9697,1935274.012,6,1.43,-0.01664442394855048,-0.063,3.1065323330454784,3.0431932947994333
489,967560.3105136117,1935273.8746983423,967558.9697,1935274.012,6,1.35,-0.017701212770680708,-0.067,3.106532333045481,3.039546602421859
490,967560.2313771034,1935273.8778315159,967558.9697,1935274.012,6,1.27,-0.018758001592810825,-0.071,3.1065323330454793,3.0356494290137173
491,967560.14784412,1935273.881138755,967558.9697,1935274.012,6,1.19,-0.020078987620473554,-0.076,3.1065323330454797,3.03097203651242
492,967560.0687076097,1935273.8842719279,967558.9697,1935274.012,6,1.11,-0.021399973648136283,-0.081,3.106532333045473,3.025890454081223
493,967559.9807781535,1935273.887753227,967558.9697,1935274.012,6,1.02,-0.022985156881331514,-0.087,3.1065323330454793,3.019320236752384
494,967559.8972451725,1935273.8910604655,967558.9697,1935274.012,6,0.94,-0.02509873452559197,-0.095,3.1065323330454753,3.0119374156728247
495,967559.8137121871,1935273.8943677025,967558.9697,1935274.012,6,0.85,-0.027212312169852315,-0.103,3.1065323330454797,3.003111959556043
496,967559.7301792062,1935273.897674936,967558.9697,1935274.012,6,0.77,-0.030118481430710276,-0.114,3.1065323330454855,2.9923771221910163
497,967559.6422497503,1935273.9011562418,967558.9697,1935274.012,6,0.68,-0.03381724230816585,-0.128,3.1065323330454735,2.9782497975166895
498,967559.5631132403,1935273.9042894146,967558.9697,1935274.012,6,0.6,-0.03804439759668676,-0.144,3.106532333045473,2.9620372481594495
499,967559.4795802573,1935273.9075966487,967558.9697,1935274.012,6,0.52,-0.044120933323935185,-0.167,3.106532333045474,2.9396238802182064
500,967559.3960472745,1935273.9109038909,967558.9697,1935274.012,6,0.44,-0.052311046695444174,-0.198,3.1065323330454757,2.90877116469448
501,967559.3169107646,1935273.914037062,967558.9697,1935274.012,6,0.36,-0.06340732932781123,-0.24,3.1065323330454744,2.8665982516997084
502,967559.2333777817,1935273.917344295,967558.9697,1935274.012,6,0.28,-0.08190113371508934,-0.31,3.1065323330454744,2.7969381400983004
503,967559.149844799,1935273.9206515334,967558.9697,1935274.012,6,0.2,-0.11466158720112507,-0.434,3.106532333045476,2.6722942647139436
504,967559.0711233794,1935273.9322049478,967558.9697,1935274.012,6,0.13,-0.16010350655272299,-0.606,3.080664874397066,2.4749820896072383
505,967558.9802832936,1935273.953679996,967551.774,1935274.147,7,7.21,0.018758001592810714,0.071,3.043819664002415,3.114772496665193
506,967558.9061585019,1935273.9639869928,967551.774,1935274.147,7,7.13,0.022985156881331514,0.087,3.0291211577365447,3.1159380281540914
507,967558.823101116,1935273.9738313316,967551.774,1935274.147,7,7.05,0.02351355129239663,0.089,3.0285089047850944,3.1170315296948226
508,967558.7400465244,1935273.983500273,967551.774,1935274.147,7,6.97,0.02377774849792924,0.09,3.0285561100460563,3.1181260124636014
509,967558.6526202561,1935273.9937021867,967551.774,1935274.147,7,6.88,0.024041945703461853,0.091,3.0285479972606586,3.1193102138448556
510,967558.5695653013,1935274.0033940088,967551.774,1935274.147,7,6.8,0.024306142908994244,0.092,3.028547997260661,3.120463488656398
511,967558.49088166,1935274.0125757325,967551.774,1935274.147,7,6.72,0.024570340114526856,0.093,3.028547997260661,3.121582426772792
512,967558.4121980168,1935274.0217574525,967551.774,1935274.147,7,6.64,0.024834537320059247,0.094,3.0285479972606604,3.1227279421223755
513,967558.3291430603,1935274.031449274,967551.774,1935274.147,7,6.56,0.02509873452559186,0.095,3.0285479972606564,3.1239669879016825
514,967558.2504594196,1935274.040630997,967551.774,1935274.147,7,6.48,0.025627128936656862,0.097,3.028547997260654,3.1251701866764114
515,967558.171775779,1935274.049812721,967551.774,1935274.147,7,6.4,0.025891326142189475,0.098,3.0285479972606537,3.1264030302321966
516,967558.0843495097,1935274.0600146386,967551.774,1935274.147,7,6.31,0.026155523347722087,0.099,3.0285479972606506,3.127808971315769
517,967558.0056658695,1935274.069196361,967551.774,1935274.147,7,6.23,0.0266839177587872,0.101,3.0285479972606515,3.1291080951186587
518,967557.9226109115,1935274.0788881823,967551.774,1935274.147,7,6.15,0.026948114964319703,0.102,3.028547997260654,3.1305155122757404
519,967557.8395559584,1935274.0885799986,967551.774,1935274.147,7,6.07,0.027212312169852315,0.103,3.0285479972606546,3.131961517450644
520,967557.7652436297,1935274.0972516274,967551.774,1935274.147,7,5.99,0.02774070658091743,0.105,3.028547997260661,3.133289330854442
521,967557.6734460457,1935274.1079636363,967551.774,1935274.147,7,5.9,0.02800490378644982,0.106,3.0285479972606617,3.1349757960378453
522,967557.5947624064,1935274.1171453604,967551.774,1935274.147,7,5.82,0.028533298197515045,0.108,3.0285479972606604,3.1364637072774824
523,967557.5073361384,1935274.1273472745,967551.774,1935274.147,7,5.73,0.029061692608580048,0.11,3.02854799726066,3.138164867704372
524,967557.4330238104,1935274.1360189042,967551.774,1935274.147,7,5.66,0.02932588981411266,0.111,3.0285479972606586,3.1396521983911505
525,967557.349968856,1935274.145710724,967551.774,1935274.147,7,5.58,0.029854284225177663,0.113,3.028547997260665,3.141361433476543
526,967557.2669139018,1935274.1554025444,967551.774,1935274.147,7,5.49,0.030382678636242888,0.115,3.028547997260655,-3.1400629486093727
527,967557.2007673703,1935274.1571254989,967551.774,1935274.147,7,5.43,0.030118481430710276,0.114,3.0290572650652545,-3.139726812231226
528,967557.1213090877,1935274.1651354388,967551.774,1935274.147,7,5.35,0.030911073047308002,0.117,3.0284469170397017,-3.138201159131021
529,967557.0432041277,1935274.1686359285,967551.774,1935274.147,7,5.27,0.030911073047308002,0.117,3.028332939824014,-3.137486567299341
530,967556.955292727,1935274.18056166,967551.774,1935274.147,7,5.18,0.03170366466390562,0.12,3.0279185768254875,-3.1351152757676815
531,967556.8710827472,1935274.18997573,967551.774,1935274.147,7,5.1,0.03249625628050323,0.123,3.027138952624137,-3.1331614168211583
532,967556.7795099763,1935274.198067303,967551.774,1935274.147,7,5.01,0.033024650691568236,0.125,3.0266475661257806,-3.131390789743156
533,967556.7043707562,1935274.2069317182,967551.774,1935274.147,7,4.93,0.03355304510263335,0.127,3.026670936061202,-3.1294376312899126
534,967556.621556678,1935274.2168256978,967551.774,1935274.147,7,4.85,0.034081439513698464,0.129,3.0266919150057916,-3.127189342047692
535,967556.5383759433,1935274.2267519822,967551.774,1935274.147,7,4.77,0.03487403113029619,0.132,3.026689285067125,-3.1248549873270672
536,967556.4464825962,1935274.2377294453,967551.774,1935274.147,7,4.67,0.03540242554136119,0.134,3.026688569804282,-3.1221772694351984
537,967556.3634232677,1935274.2476958001,967551.774,1935274.147,7,4.59,0.03619501715795881,0.137,3.026688571105308,-3.119655333692788
538,967556.2847352525,1935274.2571520582,967551.774,1935274.147,7,4.51,0.036723411569024034,0.139,3.026688570894072,-3.1171775274782534
539,967556.2016756843,1935274.2671336718,967551.774,1935274.147,7,4.43,0.03751600318562154,0.142,3.0266885739577636,-3.114466862617964
540,967556.1186161139,1935274.2771152798,967551.774,1935274.147,7,4.35,0.038308594802219154,0.145,3.026688572418206,-3.11165297740212
541,967556.031184986,1935274.287622233,967551.774,1935274.147,7,4.26,0.03910118641881699,0.148,3.0266885702557293,-3.108572918104998
542,967555.9524969716,1935274.297078493,967551.774,1935274.147,7,4.18,0.039893778035414384,0.151,3.0266885717701535,-3.105691225620454
543,967555.8738089595,1935274.306534753,967551.774,1935274.147,7,4.1,0.04068636965201211,0.154,3.0266885717567336,-3.102699547848686
544,967555.7863778322,1935274.317041709,967551.774,1935274.147,7,4.02,0.041478961268609726,0.157,3.0266885717026106,-3.099238711086312
545,967555.707689816,1935274.3264979704,967551.774,1935274.147,7,3.94,0.042535750090739954,0.161,3.0266885722306003,-3.095993343136507
546,967555.6290018044,1935274.3359542277,967551.774,1935274.147,7,3.86,0.04332834170733757,0.164,3.026688572149014,-3.0926165093840576
547,967555.5415706777,1935274.3464611808,967551.774,1935274.147,7,3.77,0.0443851305294678,0.168,3.026688571878667,-3.088700442720205
548,967555.462882662,1935274.3559174421,967551.774,1935274.147,7,3.69,0.0451777221460653,0.171,3.026688571945986,-3.0850187459823135
549,967555.3841946487,1935274.3653737037,967551.774,1935274.147,7,3.62,0.04623451096819553,0.175,3.0266885717438914,-3.0811781942986096
550,967555.3011350803,1935274.3753553089,967551.774,1935274.147,7,3.53,0.04755549699585837,0.18,3.0266885720684975,-3.0769404509195257
551,967555.2180755074,1935274.3853369183,967551.774,1935274.147,7,3.45,0.0486122858179886,0.184,3.0266885719323446,-3.0725008033810566
552,967555.1306443816,1935274.395843872,967551.774,1935274.147,7,3.37,0.04993327184565133,0.189,3.026688572149949,-3.0675933069654184
553,967555.0519563691,1935274.4053001357,967551.774,1935274.147,7,3.29,0.051254257873313946,0.194,3.026688572812135,-3.062956006787596
554,967554.9732683544,1935274.4147563963,967551.774,1935274.147,7,3.21,0.052311046695444174,0.198,3.0266885724184314,-3.058094236886067
555,967554.8858372293,1935274.4252633501,967551.774,1935274.147,7,3.12,0.053896229928639516,0.204,3.026688573271873,-3.052408935512439
556,967554.8027776574,1935274.4352449595,967551.774,1935274.147,7,3.04,0.05548141316183475,0.21,3.0266885739228995,-3.046709677542317
557,967554.7240896455,1935274.4447012169,967551.774,1935274.147,7,2.97,0.05680239918949748,0.215,3.0266885731377626,-3.0410205184890406
558,967554.6454016316,1935274.4541574775,967551.774,1935274.147,7,2.89,0.05838758242269271,0.221,3.0266885728389723,-3.0350266244074677
559,967554.5623420603,1935274.4641390876,967551.774,1935274.147,7,2.81,0.06023696286142066,0.228,3.0266885725010817,-3.028341814645819
560,967554.4792824914,1935274.474120695,967551.774,1935274.147,7,2.72,0.06208634330014828,0.235,3.0266885716226253,-3.0212576384307677
561,967554.404966031,1935274.4830516106,967551.774,1935274.147,7,2.65,0.06393572373887624,0.242,3.0266885717164302,-3.0145511969003063
562,967554.3219064624,1935274.4930332163,967551.774,1935274.147,7,2.57,0.06604930138313658,0.25,3.026688571161202,-3.006607723264798
563,967554.2388468918,1935274.5030148237,967551.774,1935274.147,7,2.49,0.06816287902739704,0.258,3.0266885718656025,-2.998147788688829
564,967554.1601588789,1935274.512471081,967551.774,1935274.147,7,2.41,0.07054065387718977,0.267,3.0266885735558624,-2.9896108222251137
565,967554.0727277534,1935274.5229780376,967551.774,1935274.147,7,2.33,0.07318262593251534,0.277,3.026688573664554,-2.979468987153362
566,967553.9882844763,1935274.5374609795,967551.774,1935274.147,7,2.25,0.07661718960443842,0.29,3.026585097714499,-2.967049705637615
567,967553.9023576438,1935274.5473892882,967551.774,1935274.147,7,2.17,0.07952335886529638,0.301,3.026369094636483,-2.955644625839965
568,967553.8186928543,1935274.5570561378,967551.774,1935274.147,7,2.09,0.08269372533168695,0.313,3.026398902329435,-2.9436716013767583
569,967553.7322957658,1935274.5754363555,967551.774,1935274.147,7,2.0,0.08744927503127276,0.331,3.026425596425648,-2.92620612533626
570,967553.6541777173,1935274.5835896856,967551.774,1935274.147,7,1.93,0.09061964149766333,0.343,3.026602748424133,-2.9134295375370867
